"pli-tv-bu-pm:9.0","Expulsion 1. Sexual Intercourse "
"pli-tv-bu-pm:9.1","pli-tv-bu-vb-pj1:7.1.16.1"
"pli-tv-bu-pm:10.0","Expulsion 2. Theft "
"pli-tv-bu-pm:10.1","pli-tv-bu-vb-pj2:2.28.1"
"pli-tv-bu-pm:10.2","pli-tv-bu-vb-pj2:2.29"
"pli-tv-bu-pm:10.3","pli-tv-bu-vb-pj2:2.30"
"pli-tv-bu-pm:11.0","Expulsion 3. Murder "
"pli-tv-bu-pm:11.1","pli-tv-bu-vb-pj3:2.49.1"
"pli-tv-bu-pm:11.2","pli-tv-bu-vb-pj3:2.50"
"pli-tv-bu-pm:11.3","pli-tv-bu-vb-pj3:2.51"
"pli-tv-bu-pm:11.4","pli-tv-bu-vb-pj3:2.52"
"pli-tv-bu-pm:12.0","Expulsion 3. Laying False Claim to Superhuman Attainments "
"pli-tv-bu-pm:12.1","pli-tv-bu-vb-pj4:2.12.1"
"pli-tv-bu-pm:12.2","pli-tv-bu-vb-pj4:2.13"
"pli-tv-bu-pm:12.3","pli-tv-bu-vb-pj4:2.14"
"pli-tv-bu-pm:12.4","pli-tv-bu-vb-pj4:2.15"
"pli-tv-bu-pm:13.1","pli-tv-bu-vb-pj4:9.7.13"
"pli-tv-bu-pm:13.2","pli-tv-bu-vb-pj4:9.7.14"
"pli-tv-bu-pm:13.3","pli-tv-bu-vb-pj4:9.7.15"
"pli-tv-bu-pm:13.4","pli-tv-bu-vb-pj4:9.7.16,pli-tv-bu-vb-pj4:9.7.17"
"pli-tv-bu-pm:13.5","pli-tv-bu-vb-pj4:9.7.18,pli-tv-bu-vb-pj4:9.7.19"
"pli-tv-bu-pm:13.6","pli-tv-bu-vb-pj4:9.7.20,pli-tv-bu-vb-pj4:9.7.21"
"pli-tv-bu-pm:13.7","pli-tv-bu-vb-pj4:9.7.22,pli-tv-bu-vb-pj4:9.7.23"
"pli-tv-bu-pm:13.8","pli-tv-bu-vb-pj4:9.7.24"
"pli-tv-bu-pm:14.0","Recitation of the Rules of Suspension "
"pli-tv-bu-pm:14.1","pli-tv-bu-vb-ss1:0.5"
"pli-tv-bu-pm:15.0","Suspension 1: Masturbation "
"pli-tv-bu-pm:15.1","pli-tv-bu-vb-ss1:2.1.13.1"
"pli-tv-bu-pm:16.0","Suspension 2: Physical Contact "
"pli-tv-bu-pm:16.1","pli-tv-bu-vb-ss2:1.2.15.1"
"pli-tv-bu-pm:17.0","Suspension 1: Indecent Speech "
"pli-tv-bu-pm:17.1","pli-tv-bu-vb-ss3:1.2.14.1"
"pli-tv-bu-pm:18.0","Suspension 4: Encouraging Someone to Serve One’s Desires "
"pli-tv-bu-pm:18.1","pli-tv-bu-vb-ss4:1.2.19.1"
"pli-tv-bu-pm:19.0","Suspension 5: Matchmaking "
"pli-tv-bu-pm:19.1","pli-tv-bu-vb-ss5:2.2.13.1"
"pli-tv-bu-pm:20.0","Suspension 6: Building a Hut "
"pli-tv-bu-pm:20.1","pli-tv-bu-vb-ss6:1.6.6.1"
"pli-tv-bu-pm:20.2","pli-tv-bu-vb-ss6:1.6.7"
"pli-tv-bu-pm:20.3","pli-tv-bu-vb-ss6:1.6.8"
"pli-tv-bu-pm:21.0","Suspension 7: Building a Dwelling "
"pli-tv-bu-pm:21.1","pli-tv-bu-vb-ss7:1.19.1"
"pli-tv-bu-pm:21.2","pli-tv-bu-vb-ss7:1.20"
"pli-tv-bu-pm:21.3","pli-tv-bu-vb-ss7:1.21"
"pli-tv-bu-pm:22.0","Suspension 8: Making a Groundless Accusation Out of Anger "
"pli-tv-bu-pm:22.1","pli-tv-bu-vb-ss8:1.9.32.1"
"pli-tv-bu-pm:22.2","pli-tv-bu-vb-ss8:1.9.33"
"pli-tv-bu-pm:23.0","Suspension 9: Making an Accusation Out of Anger on an Irrelevant Pretext "
"pli-tv-bu-pm:23.1","pli-tv-bu-vb-ss9:1.2.14.1"
"pli-tv-bu-pm:23.2","pli-tv-bu-vb-ss9:1.2.15"
"pli-tv-bu-pm:24.0","Suspension 10: Causing Schism in the Saṅgha "
"pli-tv-bu-pm:24.1","pli-tv-bu-vb-ss10:1.3.16.1"
"pli-tv-bu-pm:24.2","pli-tv-bu-vb-ss10:1.3.17"
"pli-tv-bu-pm:24.3","pli-tv-bu-vb-ss10:1.3.18"
"pli-tv-bu-pm:24.4","pli-tv-bu-vb-ss10:1.3.19"
"pli-tv-bu-pm:24.5","pli-tv-bu-vb-ss10:1.3.20"
"pli-tv-bu-pm:24.6","pli-tv-bu-vb-ss10:1.3.21"
"pli-tv-bu-pm:25.0","Suspension 11: Following a Schismatic "
"pli-tv-bu-pm:25.1","pli-tv-bu-vb-ss11:1.19.1"
"pli-tv-bu-pm:25.2","pli-tv-bu-vb-ss11:1.20"
"pli-tv-bu-pm:25.3","pli-tv-bu-vb-ss11:1.21"
"pli-tv-bu-pm:25.4","pli-tv-bu-vb-ss11:1.22"
"pli-tv-bu-pm:25.5","pli-tv-bu-vb-ss11:1.23"
"pli-tv-bu-pm:25.6","pli-tv-bu-vb-ss11:1.24"
"pli-tv-bu-pm:25.7","pli-tv-bu-vb-ss11:1.25"
"pli-tv-bu-pm:25.8","pli-tv-bu-vb-ss11:1.26"
"pli-tv-bu-pm:25.9","pli-tv-bu-vb-ss11:1.27"
"pli-tv-bu-pm:25.10","pli-tv-bu-vb-ss11:1.28"
"pli-tv-bu-pm:25.11","pli-tv-bu-vb-ss11:1.29"
"pli-tv-bu-pm:25.12","pli-tv-bu-vb-ss11:1.30"
"pli-tv-bu-pm:26.0","Suspension 12: Difficult to Correct "
"pli-tv-bu-pm:26.1","pli-tv-bu-vb-ss12:1.26.1"
"pli-tv-bu-pm:26.2","pli-tv-bu-vb-ss12:1.27"
"pli-tv-bu-pm:26.3","pli-tv-bu-vb-ss12:1.28"
"pli-tv-bu-pm:26.4","pli-tv-bu-vb-ss12:1.29"
"pli-tv-bu-pm:26.5","pli-tv-bu-vb-ss12:1.30"
"pli-tv-bu-pm:26.6","pli-tv-bu-vb-ss12:1.31"
"pli-tv-bu-pm:26.7","pli-tv-bu-vb-ss12:1.32"
"pli-tv-bu-pm:26.8","pli-tv-bu-vb-ss12:1.33"
"pli-tv-bu-pm:26.9","pli-tv-bu-vb-ss12:1.34"
"pli-tv-bu-pm:26.10","pli-tv-bu-vb-ss12:1.35"
"pli-tv-bu-pm:27.0","Suspension 13: Corrupters of Families "
"pli-tv-bu-pm:27.1","pli-tv-bu-vb-ss13:1.8.10.1"
"pli-tv-bu-pm:27.2","pli-tv-bu-vb-ss13:1.8.11"
"pli-tv-bu-pm:27.3","pli-tv-bu-vb-ss13:1.8.12"
"pli-tv-bu-pm:27.4","pli-tv-bu-vb-ss13:1.8.13"
"pli-tv-bu-pm:27.5","pli-tv-bu-vb-ss13:1.8.14"
"pli-tv-bu-pm:27.6","pli-tv-bu-vb-ss13:1.8.15"
"pli-tv-bu-pm:27.7","pli-tv-bu-vb-ss13:1.8.16"
"pli-tv-bu-pm:27.8","pli-tv-bu-vb-ss13:1.8.17"
"pli-tv-bu-pm:27.9","pli-tv-bu-vb-ss13:1.8.18"
"pli-tv-bu-pm:27.10","pli-tv-bu-vb-ss13:1.8.19"
"pli-tv-bu-pm:27.11","pli-tv-bu-vb-ss13:1.8.20"
"pli-tv-bu-pm:28.1","pli-tv-bu-vb-ss13:3.2.7"
"pli-tv-bu-pm:28.2","pli-tv-bu-vb-ss13:3.2.8"
"pli-tv-bu-pm:28.3","pli-tv-bu-vb-ss13:3.2.9"
"pli-tv-bu-pm:28.4","pli-tv-bu-vb-ss13:3.2.10"
"pli-tv-bu-pm:28.5","pli-tv-bu-vb-ss13:3.2.11"
"pli-tv-bu-pm:28.6","pli-tv-bu-vb-ss13:3.2.12"
"pli-tv-bu-pm:28.7","pli-tv-bu-vb-ss13:3.2.13"
"pli-tv-bu-pm:28.8","pli-tv-bu-vb-ss13:3.2.14"
"pli-tv-bu-pm:28.9","pli-tv-bu-vb-ss13:3.2.15"
"pli-tv-bu-pm:28.10","pli-tv-bu-vb-ss13:3.2.26"
"pli-tv-bu-pm:29.0","Recitation of the Undetermined Rules "
"pli-tv-bu-pm:29.1","pli-tv-bu-vb-ay1:0.5"
"pli-tv-bu-pm:30.0","Undetermined 1: First Undetermined Offence "
"pli-tv-bu-pm:30.1","pli-tv-bu-vb-ay1:1.32.1"
"pli-tv-bu-pm:30.2","pli-tv-bu-vb-ay1:1.33"
"pli-tv-bu-pm:30.3","pli-tv-bu-vb-ay1:1.34"
"pli-tv-bu-pm:30.4","pli-tv-bu-vb-ay1:1.35"
"pli-tv-bu-pm:30.5","pli-tv-bu-vb-ay1:1.36"
"pli-tv-bu-pm:31.0","Undetermined 2: Second Undetermined Offence "
"pli-tv-bu-pm:31.1","pli-tv-bu-vb-ay2:1.19.1"
"pli-tv-bu-pm:31.2","pli-tv-bu-vb-ay2:1.20"
"pli-tv-bu-pm:31.3","pli-tv-bu-vb-ay2:1.21"
"pli-tv-bu-pm:31.4","pli-tv-bu-vb-ay2:1.22"
"pli-tv-bu-pm:31.5","pli-tv-bu-vb-ay2:1.23"
"pli-tv-bu-pm:31.6","pli-tv-bu-vb-ay2:1.24"
"pli-tv-bu-pm:32.1","pli-tv-bu-vb-ay2:3.10"
"pli-tv-bu-pm:32.2","pli-tv-bu-vb-ay2:3.11,pli-tv-bu-vb-ay2:3.12"
"pli-tv-bu-pm:32.3","pli-tv-bu-vb-ay2:3.13,pli-tv-bu-vb-ay2:3.14"
"pli-tv-bu-pm:32.4","pli-tv-bu-vb-ay2:3.15,pli-tv-bu-vb-ay2:3.16"
"pli-tv-bu-pm:32.5","pli-tv-bu-vb-ay2:3.17,pli-tv-bu-vb-ay2:3.18,pli-tv-bu-vb-ay2:3.19"
"pli-tv-bu-pm:32.6","pli-tv-bu-vb-ay2:3.25"
"pli-tv-bu-pm:33.0","Recitation of the Rules of Relinquishment With Confession "
"pli-tv-bu-pm:33.1","pli-tv-bu-vb-np1:0.6"
"pli-tv-bu-pm:34.0.2","Relinquishment With Confession 1: The Robe-Making Season "
"pli-tv-bu-pm:34.1","pli-tv-bu-vb-np1:2.17.1"
"pli-tv-bu-pm:35.0","Relinquishment With Confession 2: Staying Apart From Robes "
"pli-tv-bu-pm:35.1","pli-tv-bu-vb-np2:2.39.1"
"pli-tv-bu-pm:36.0","Relinquishment With Confession 3: Out-of-Season Robe Cloth "
"pli-tv-bu-pm:36.1","pli-tv-bu-vb-np3:1.3.13.1"
"pli-tv-bu-pm:36.2","pli-tv-bu-vb-np3:1.3.14"
"pli-tv-bu-pm:36.3","pli-tv-bu-vb-np3:1.3.15"
"pli-tv-bu-pm:36.4","pli-tv-bu-vb-np3:1.3.16"
"pli-tv-bu-pm:37.0","Relinquishment With Confession 4: Used Robes "
"pli-tv-bu-pm:37.1","pli-tv-bu-vb-np4:1.31.1"
"pli-tv-bu-pm:38.0","Relinquishment With Confession 5: Receiving Robe Cloth "
"pli-tv-bu-pm:38.1","pli-tv-bu-vb-np5:2.10.1"
"pli-tv-bu-pm:39.0","Relinquishment With Confession 6: Asking an Unrelated Person for Robes "
"pli-tv-bu-pm:39.1","pli-tv-bu-vb-np6:2.18.1"
"pli-tv-bu-pm:39.2","pli-tv-bu-vb-np6:2.19"
"pli-tv-bu-pm:40.0","Relinquishment With Confession 8: Accepting Too Many Robes "
"pli-tv-bu-pm:40.1","pli-tv-bu-vb-np7:1.31.1"
"pli-tv-bu-pm:41.0","Relinquishment With Confession 8: Requesting Fine Robes From a Robe Fund "
"pli-tv-bu-pm:41.1","pli-tv-bu-vb-np8:1.1.32.1"
"pli-tv-bu-pm:41.2","pli-tv-bu-vb-np8:1.1.33"
"pli-tv-bu-pm:41.3","pli-tv-bu-vb-np8:1.1.34"
"pli-tv-bu-pm:41.4","pli-tv-bu-vb-np8:1.1.35"
"pli-tv-bu-pm:41.5","pli-tv-bu-vb-np8:1.1.36"
"pli-tv-bu-pm:42.0","Relinquishment With Confession 9: Requesting Fine Robes From a Combined Robe Fund "
"pli-tv-bu-pm:42.1","pli-tv-bu-vb-np9:1.36.1"
"pli-tv-bu-pm:42.2","pli-tv-bu-vb-np9:1.37"
"pli-tv-bu-pm:42.3","pli-tv-bu-vb-np9:1.38"
"pli-tv-bu-pm:42.4","pli-tv-bu-vb-np9:1.39"
"pli-tv-bu-pm:42.5","pli-tv-bu-vb-np9:1.40"
"pli-tv-bu-pm:43.0","Relinquishment With Confession 10: Excessive Prompting for Robe Funds "
"pli-tv-bu-pm:43.1","pli-tv-bu-vb-np10:1.3.1"
"pli-tv-bu-pm:43.2","pli-tv-bu-vb-np10:1.3.2"
"pli-tv-bu-pm:43.3","pli-tv-bu-vb-np10:1.3.3"
"pli-tv-bu-pm:43.4","pli-tv-bu-vb-np10:1.3.4"
"pli-tv-bu-pm:43.5","pli-tv-bu-vb-np10:1.3.5"
"pli-tv-bu-pm:43.6","pli-tv-bu-vb-np10:1.3.6"
"pli-tv-bu-pm:43.7","pli-tv-bu-vb-np10:1.3.7"
"pli-tv-bu-pm:43.8","pli-tv-bu-vb-np10:1.3.8"
"pli-tv-bu-pm:43.9","pli-tv-bu-vb-np10:1.3.9"
"pli-tv-bu-pm:43.10","pli-tv-bu-vb-np10:1.3.10"
"pli-tv-bu-pm:43.11","pli-tv-bu-vb-np10:1.3.11"
"pli-tv-bu-pm:43.12","pli-tv-bu-vb-np10:1.3.12"
"pli-tv-bu-pm:43.13","pli-tv-bu-vb-np10:1.3.13"
"pli-tv-bu-pm:43.14","pli-tv-bu-vb-np10:1.3.14"
"pli-tv-bu-pm:43.15","pli-tv-bu-vb-np10:1.3.15"
"pli-tv-bu-pm:43.16","pli-tv-bu-vb-np10:1.3.16"
"pli-tv-bu-pm:43.17","pli-tv-bu-vb-np10:1.3.17"
"pli-tv-bu-pm:43.18","pli-tv-bu-vb-np10:1.3.18"
"pli-tv-bu-pm:43.19","pli-tv-bu-vb-np10:1.3.19"
"pli-tv-bu-pm:43.20","pli-tv-bu-vb-np10:1.3.20"
"pli-tv-bu-pm:43.21","pli-tv-bu-vb-np10:1.3.21"
"pli-tv-bu-pm:43.22","pli-tv-bu-vb-np10:1.3.22"
"pli-tv-bu-pm:43.23","pli-tv-bu-vb-np10:2.4.9"
"pli-tv-bu-pm:44.0.2","Relinquishment With Confession 11: Silk Blanket "
"pli-tv-bu-pm:44.1","pli-tv-bu-vb-np11:1.23.1"
"pli-tv-bu-pm:45.0","Relinquishment With Confession 12: Pure Black Blanket "
"pli-tv-bu-pm:45.1","pli-tv-bu-vb-np12:1.15.1"
"pli-tv-bu-pm:46.0","Relinquishment With Confession 13: A New Blanket Should Have Mixed Colors "
"pli-tv-bu-pm:46.1","pli-tv-bu-vb-np13:1.12.1"
"pli-tv-bu-pm:46.2","pli-tv-bu-vb-np13:1.13"
"pli-tv-bu-pm:47.0","Relinquishment With Confession 14: A New Blanket Should be Kept for Six Years "
"pli-tv-bu-pm:47.1","pli-tv-bu-vb-np14:2.38.1"
"pli-tv-bu-pm:47.2","pli-tv-bu-vb-np14:2.39"
"pli-tv-bu-pm:48.0","Relinquishment With Confession 15: A Sitting-Blanket "
"pli-tv-bu-pm:48.1","pli-tv-bu-vb-np15:1.3.10.1"
"pli-tv-bu-pm:48.2","pli-tv-bu-vb-np15:1.3.11"
"pli-tv-bu-pm:49.0","Relinquishment With Confession 16: Carrying Wool "
"pli-tv-bu-pm:49.1","pli-tv-bu-vb-np16:1.23.1"
"pli-tv-bu-pm:49.2","pli-tv-bu-vb-np16:1.24"
"pli-tv-bu-pm:49.3","pli-tv-bu-vb-np16:1.25"
"pli-tv-bu-pm:50.0","Relinquishment With Confession 17: Getting a Nun to Wash Wool "
"pli-tv-bu-pm:50.1","pli-tv-bu-vb-np17:1.20.1"
"pli-tv-bu-pm:51.0","Relinquishment With Confession 18: Money "
"pli-tv-bu-pm:51.1","pli-tv-bu-vb-np18:1.28.1"
"pli-tv-bu-pm:52.0","Relinquishment With Confession 19: Trading With Money "
"pli-tv-bu-pm:52.1","pli-tv-bu-vb-np19:1.15.1"
"pli-tv-bu-pm:53.0","Relinquishment With Confession 20: Bartering "
"pli-tv-bu-pm:53.1","pli-tv-bu-vb-np20:1.35.1"
"pli-tv-bu-pm:53.2","pli-tv-bu-vb-np20:2.32"
"pli-tv-bu-pm:54.0.2","Relinquishment With Confession 21: An Extra Almsbowl "
"pli-tv-bu-pm:54.1","pli-tv-bu-vb-np21:2.17.1"
"pli-tv-bu-pm:55.0","Relinquishment With Confession 22: An Almsbowl With Fewer Than Five Mends "
"pli-tv-bu-pm:55.1","pli-tv-bu-vb-np22:1.3.17.1"
"pli-tv-bu-pm:55.2","pli-tv-bu-vb-np22:1.3.18"
"pli-tv-bu-pm:55.3","pli-tv-bu-vb-np22:1.3.19"
"pli-tv-bu-pm:55.4","pli-tv-bu-vb-np22:1.3.20"
"pli-tv-bu-pm:56.0","Relinquishment With Confession 23: The Five Tonics "
"pli-tv-bu-pm:56.1","pli-tv-bu-vb-np23:1.3.32.1"
"pli-tv-bu-pm:56.2","pli-tv-bu-vb-np23:1.3.33"
"pli-tv-bu-pm:57.0","Relinquishment With Confession 24: Rainy-Season Robes "
"pli-tv-bu-pm:57.1","pli-tv-bu-vb-np24:1.18.1"
"pli-tv-bu-pm:57.2","pli-tv-bu-vb-np24:1.19"
"pli-tv-bu-pm:58.0","Relinquishment With Confession 25: Taking Back Robe-Cloth "
"pli-tv-bu-pm:58.1","pli-tv-bu-vb-np25:1.27.1"
"pli-tv-bu-pm:59.0","Relinquishment With Confession 26: Asking for Thread "
"pli-tv-bu-pm:59.1","pli-tv-bu-vb-np26:1.23.1"
"pli-tv-bu-pm:60.0","Relinquishment With Confession 27: Bribing Weavers "
"pli-tv-bu-pm:60.1","pli-tv-bu-vb-np27:1.45.1"
"pli-tv-bu-pm:60.2","pli-tv-bu-vb-np27:1.46"
"pli-tv-bu-pm:60.3","pli-tv-bu-vb-np27:1.47"
"pli-tv-bu-pm:60.4","pli-tv-bu-vb-np27:1.48"
"pli-tv-bu-pm:61.0","Relinquishment With Confession 28: Haste-Cloth "
"pli-tv-bu-pm:61.1","pli-tv-bu-vb-np28:1.2.19.1"
"pli-tv-bu-pm:61.2","pli-tv-bu-vb-np28:1.2.20"
"pli-tv-bu-pm:62.0","Relinquishment With Confession 29: Keeping Robes while Staying in Risky Regions "
"pli-tv-bu-pm:62.1","pli-tv-bu-vb-np29:1.2.16.1"
"pli-tv-bu-pm:62.2","pli-tv-bu-vb-np29:1.2.17"
"pli-tv-bu-pm:63.0","Relinquishment With Confession 30: Offerings Intended for the Saṅgha "
"pli-tv-bu-pm:63.1","pli-tv-bu-vb-np30:1.27.1"
"pli-tv-bu-pm:63.2","pli-tv-bu-vb-np30:2.37"
"pli-tv-bu-pm:64.1","pli-tv-bu-vb-np30:2.43"
"pli-tv-bu-pm:64.2","pli-tv-bu-vb-np30:2.44,pli-tv-bu-vb-np30:2.45"
"pli-tv-bu-pm:64.3","pli-tv-bu-vb-np30:2.46,pli-tv-bu-vb-np30:2.47"
"pli-tv-bu-pm:64.4","pli-tv-bu-vb-np30:2.48,pli-tv-bu-vb-np30:2.49"
"pli-tv-bu-pm:64.5","pli-tv-bu-vb-np30:2.50,pli-tv-bu-vb-np30:2.51"
"pli-tv-bu-pm:64.6","pli-tv-bu-vb-np30:2.52"
"pli-tv-bu-pm:65.0","Recitation of the Rules of Confession "
"pli-tv-bu-pm:65.1","pli-tv-bu-vb-pc1:0.7"
"pli-tv-bu-pm:66.0.2","Confession 1: Lying "
"pli-tv-bu-pm:66.1","pli-tv-bu-vb-pc1:1.20.1"
"pli-tv-bu-pm:67.0","Confession 2: Abusive Speech "
"pli-tv-bu-pm:67.1","pli-tv-bu-vb-pc2:1.2.33.1"
"pli-tv-bu-pm:68.0","Confession 3: Malicious Talebearing "
"pli-tv-bu-pm:68.1","pli-tv-bu-vb-pc3:1.20.1"
"pli-tv-bu-pm:69.0","Confession 4: Memorizing the Teaching "
"pli-tv-bu-pm:69.1","pli-tv-bu-vb-pc4:1.16.1"
"pli-tv-bu-pm:70.0","Confession 5: Lying Down With One Not Fully Ordained "
"pli-tv-bu-pm:70.1","pli-tv-bu-vb-pc5:2.16.1"
"pli-tv-bu-pm:71.0","Confession 6: Lying Down With a Woman "
"pli-tv-bu-pm:71.1","pli-tv-bu-vb-pc6:1.51.1"
"pli-tv-bu-pm:72.0","Confession 7: Teaching Someone of the Opposite Gender Alone "
"pli-tv-bu-pm:72.1","pli-tv-bu-vb-pc7:3.11.1"
"pli-tv-bu-pm:73.0","Confession 8: Truthfully Announcing Superhuman Attainments "
"pli-tv-bu-pm:73.1","pli-tv-bu-vb-pc8:1.2.26.1"
"pli-tv-bu-pm:74.0","Confession 9: Announcing a Grave Offense "
"pli-tv-bu-pm:74.1","pli-tv-bu-vb-pc9:1.20.1"
"pli-tv-bu-pm:75.0","Confession 10: Digging the Earth "
"pli-tv-bu-pm:75.1","pli-tv-bu-vb-pc10:1.16.1"
"pli-tv-bu-pm:75.2","pli-tv-bu-vb-pc10:2.3.9"
"pli-tv-bu-pm:76.0.2","Confession 11:Damaging Plants "
"pli-tv-bu-pm:76.1","pli-tv-bu-vb-pc11:1.29.1"
"pli-tv-bu-pm:77.0","Confession 12: Evasive Speech "
"pli-tv-bu-pm:77.1","pli-tv-bu-vb-pc12:2.28.1"
"pli-tv-bu-pm:78.0","Confession 13: Complaining "
"pli-tv-bu-pm:78.1","pli-tv-bu-vb-pc13:2.12.1"
"pli-tv-bu-pm:79.0","Confession 14: Leaving Furniture Outside "
"pli-tv-bu-pm:79.1","pli-tv-bu-vb-pc14:1.1.9.1"
"pli-tv-bu-pm:80.0","Confession 15: Leaving Bedding Outside "
"pli-tv-bu-pm:80.1","pli-tv-bu-vb-pc15:1.15.1"
"pli-tv-bu-pm:81.0","Confession 16: Encroaching on a Monastic "
"pli-tv-bu-pm:81.1","pli-tv-bu-vb-pc16:1.16.1"
"pli-tv-bu-pm:82.0","Confession 17: Throwing Out a Monastic "
"pli-tv-bu-pm:82.1","pli-tv-bu-vb-pc17:1.31.1"
"pli-tv-bu-pm:83.0","Confession 18: The Upper Story of a Hut "
"pli-tv-bu-pm:83.1","pli-tv-bu-vb-pc18:1.18.1"
"pli-tv-bu-pm:84.0","Confession 19: Applying Materials to a Large Dwelling "
"pli-tv-bu-pm:84.1","pli-tv-bu-vb-pc19:1.18.1"
"pli-tv-bu-pm:85.0","Confession 20: Using Water With Living Creatures "
"pli-tv-bu-pm:85.1","pli-tv-bu-vb-pc20:1.12.1"
"pli-tv-bu-pm:85.2","pli-tv-bu-vb-pc20:2.3.8"
"pli-tv-bu-pm:86.0.2","Confession 21: Instruction "
"pli-tv-bu-pm:86.1","pli-tv-bu-vb-pc21:1.44.1"
"pli-tv-bu-pm:87.0","Confession 22: Instructing Nuns After Sunset "
"pli-tv-bu-pm:87.1","pli-tv-bu-vb-pc22:1.33.1"
"pli-tv-bu-pm:88.0","Confession 23: Instructing Nuns in a Nunnery "
"pli-tv-bu-pm:88.1","pli-tv-bu-vb-pc23:2.19.1"
"pli-tv-bu-pm:88.2","pli-tv-bu-vb-pc23:2.20"
"pli-tv-bu-pm:89.0","Confession 24: Teaching Nuns for Profit "
"pli-tv-bu-pm:89.1","pli-tv-bu-vb-pc24:1.16.1"
"pli-tv-bu-pm:90.0","Confession 25: Giving Robes "
"pli-tv-bu-pm:90.1","pli-tv-bu-vb-pc25:2.11.1"
"pli-tv-bu-pm:91.0","Confession 26: Sewing Robes "
"pli-tv-bu-pm:91.1","pli-tv-bu-vb-pc26:1.27.1"
"pli-tv-bu-pm:92.0","Confession 27: Travelling by Arrangement "
"pli-tv-bu-pm:92.1","pli-tv-bu-vb-pc27:2.15.1"
"pli-tv-bu-pm:92.2","pli-tv-bu-vb-pc27:2.16"
"pli-tv-bu-pm:93.0","Confession 28: Travelling on a Boat With a Nun "
"pli-tv-bu-pm:93.1","pli-tv-bu-vb-pc28:2.16.1"
"pli-tv-bu-pm:94.0","Confession 29: Eating Food Prepared on a Nun’s Instruction "
"pli-tv-bu-pm:94.1","pli-tv-bu-vb-pc29:2.13.1"
"pli-tv-bu-pm:95.0","Confession 30: Sitting in Private "
"pli-tv-bu-pm:95.1","pli-tv-bu-vb-pc30:1.13.1"
"pli-tv-bu-pm:95.2","pli-tv-bu-vb-pc30:2.3.9"
"pli-tv-bu-pm:96.0.2","Confession 31: Eating at a Public Guest-House "
"pli-tv-bu-pm:96.1,pli-tv-bu-pm:96.2","pli-tv-bu-vb-pc31:2.14.1"
"pli-tv-bu-pm:97.0","Confession 32: Eating in a Group "
"pli-tv-bu-pm:97.1","pli-tv-bu-vb-pc32:8.15.1"
"pli-tv-bu-pm:97.2","pli-tv-bu-vb-pc32:8.16"
"pli-tv-bu-pm:98.0","Confession 33: Eating Successive Meals "
"pli-tv-bu-pm:98.1","pli-tv-bu-vb-pc33:3.15.1"
"pli-tv-bu-pm:98.2","pli-tv-bu-vb-pc33:3.16"
"pli-tv-bu-pm:99.0","Confession 34: Accepting Two or Three Bowls Full "
"pli-tv-bu-pm:99.1","pli-tv-bu-vb-pc34:1.2.21.1"
"pli-tv-bu-pm:99.2","pli-tv-bu-vb-pc34:1.2.22"
"pli-tv-bu-pm:100.0","Confession 35: Eating More After Refusing an Invitation "
"pli-tv-bu-pm:100.1","pli-tv-bu-vb-pc35:2.15.1"
"pli-tv-bu-pm:101.0","Confession 36: Encouraging Another Monastic to Eat More After Refusing an Invitation "
"pli-tv-bu-pm:101.1","pli-tv-bu-vb-pc36:1.28.1"
"pli-tv-bu-pm:102.0","Confession  37: Eating at the Wrong Time "
"pli-tv-bu-pm:102.1","pli-tv-bu-vb-pc37:1.22.1"
"pli-tv-bu-pm:103.0","Confession 38: Storing Food "
"pli-tv-bu-pm:103.1","pli-tv-bu-vb-pc38:1.18.1"
"pli-tv-bu-pm:104.0","Confession 39 Asking for Fine Foods "
"pli-tv-bu-pm:104.1","pli-tv-bu-vb-pc39:2.10.1"
"pli-tv-bu-pm:105.0","Confession 40: Eating Unoffered Food "
"pli-tv-bu-pm:105.1","pli-tv-bu-vb-pc40:2.5.1"
"pli-tv-bu-pm:105.2","pli-tv-bu-vb-pc40:3.3.7"
"pli-tv-bu-pm:106.0.2","Confession 41: Giving Food to Ascetics "
"pli-tv-bu-pm:106.1","pli-tv-bu-vb-pc41:1.2.15.1"
"pli-tv-bu-pm:107.0","Confession 42: Sending a Monastic Back from Almsround "
"pli-tv-bu-pm:107.1","pli-tv-bu-vb-pc42:1.16.1"
"pli-tv-bu-pm:108.0","Confession 43: Intruding on a Couple Enjoying Themselves "
"pli-tv-bu-pm:108.1","pli-tv-bu-vb-pc43:1.23.1"
"pli-tv-bu-pm:109.0","Confession 44: Sitting in a Concealed Place "
"pli-tv-bu-pm:109.1","pli-tv-bu-vb-pc44:1.14.1"
"pli-tv-bu-pm:110.0","Confession 45: Sitting in Private "
"pli-tv-bu-pm:110.1","pli-tv-bu-vb-pc45:1.14.1"
"pli-tv-bu-pm:111.0","Confession 46: Visiting Families Before a Meal "
"pli-tv-bu-pm:111.1","pli-tv-bu-vb-pc46:5.6.1"
"pli-tv-bu-pm:111.2","pli-tv-bu-vb-pc46:5.7"
"pli-tv-bu-pm:112.0","Confession 47: An Invitation for Four Months "
"pli-tv-bu-pm:112.1","pli-tv-bu-vb-pc47:1.4.27.1"
"pli-tv-bu-pm:113.0","Confession 48: Seeing a Mobilizing Army "
"pli-tv-bu-pm:113.1","pli-tv-bu-vb-pc48:2.13.1"
"pli-tv-bu-pm:114.0","Confession 49: Staying with an Army "
"pli-tv-bu-pm:114.1,pli-tv-bu-pm:114.2","pli-tv-bu-vb-pc49:1.15.1"
"pli-tv-bu-pm:115.0","Confession 50. Viewing a Military Action "
"pli-tv-bu-pm:115.1","pli-tv-bu-vb-pc50:1.19.1"
"pli-tv-bu-pm:115.2","pli-tv-bu-vb-pc50:2.3.10"
"pli-tv-bu-pm:116.0.2","Confession 51: Drinking Alcohol "
"pli-tv-bu-pm:116.1","pli-tv-bu-vb-pc51:1.46.1"
"pli-tv-bu-pm:117.0","Confession 52: Tickling "
"pli-tv-bu-pm:117.1","pli-tv-bu-vb-pc52:1.12.1"
"pli-tv-bu-pm:118.0","Confession 53: Playing "
"pli-tv-bu-pm:118.1","pli-tv-bu-vb-pc53:1.22.1"
"pli-tv-bu-pm:119.0","Confession 54: Disrespect "
"pli-tv-bu-pm:119.1","pli-tv-bu-vb-pc54:1.15.1"
"pli-tv-bu-pm:120.0","Confession 55: Scaring "
"pli-tv-bu-pm:120.1","pli-tv-bu-vb-pc55:1.15.1"
"pli-tv-bu-pm:121.0","Confession 56: Lighting a Fire "
"pli-tv-bu-pm:121.1","pli-tv-bu-vb-pc56:2.5.1"
"pli-tv-bu-pm:122.0","Confession 57: Bathing "
"pli-tv-bu-pm:122.1","pli-tv-bu-vb-pc57:6.7.1"
"pli-tv-bu-pm:122.2","pli-tv-bu-vb-pc57:6.8"
"pli-tv-bu-pm:123.0","Confession 58: Making Stains "
"pli-tv-bu-pm:123.1","pli-tv-bu-vb-pc58:1.15.1"
"pli-tv-bu-pm:124.0","Confession 59: Transferring to Another "
"pli-tv-bu-pm:124.1","pli-tv-bu-vb-pc59:1.13.1"
"pli-tv-bu-pm:125.0","Confession 60: Hiding Robes "
"pli-tv-bu-pm:125.1","pli-tv-bu-vb-pc60:1.18.1"
"pli-tv-bu-pm:125.2","pli-tv-bu-vb-pc60:2.3.8"
"pli-tv-bu-pm:126.0.2","Confession 61: Intentionally Killing Living Creatures "
"pli-tv-bu-pm:126.1","pli-tv-bu-vb-pc61:1.16.1"
"pli-tv-bu-pm:127.0","Confession 62: Using Water with Living Creatures "
"pli-tv-bu-pm:127.1","pli-tv-bu-vb-pc62:1.11.1"
"pli-tv-bu-pm:128.0","Confession 63: Reopening a Legal Issue "
"pli-tv-bu-pm:128.1","pli-tv-bu-vb-pc63:1.12.1"
"pli-tv-bu-pm:129.0","Confession 64: Concealing a Grave Offense "
"pli-tv-bu-pm:129.1","pli-tv-bu-vb-pc64:1.23.1"
"pli-tv-bu-pm:130.0","Confession 65: Ordaining Under Twenty "
"pli-tv-bu-pm:130.1","pli-tv-bu-vb-pc65:1.53.1"
"pli-tv-bu-pm:131.0","Confession 66: Travelling With Thieves "
"pli-tv-bu-pm:131.1","pli-tv-bu-vb-pc66:1.22.1"
"pli-tv-bu-pm:132.0","Confession 67 Travelling by Arrangement "
"pli-tv-bu-pm:132.1","pli-tv-bu-vb-pc67:1.28.1"
"pli-tv-bu-pm:133.0","Confession 68: Obstructions "
"pli-tv-bu-pm:133.1","pli-tv-bu-vb-pc68:1.49.1"
"pli-tv-bu-pm:133.2","pli-tv-bu-vb-pc68:1.50"
"pli-tv-bu-pm:133.3","pli-tv-bu-vb-pc68:1.51"
"pli-tv-bu-pm:133.4","pli-tv-bu-vb-pc68:1.52"
"pli-tv-bu-pm:133.5","pli-tv-bu-vb-pc68:1.53"
"pli-tv-bu-pm:133.6","pli-tv-bu-vb-pc68:1.54"
"pli-tv-bu-pm:133.7","pli-tv-bu-vb-pc68:1.55"
"pli-tv-bu-pm:133.8","pli-tv-bu-vb-pc68:1.56"
"pli-tv-bu-pm:134.0","Confession 69: Living With an Ejected Monastic "
"pli-tv-bu-pm:134.1","pli-tv-bu-vb-pc69:1.11.1"
"pli-tv-bu-pm:135.0","Confession 70: Obstructions and a Novice "
"pli-tv-bu-pm:135.1","pli-tv-bu-vb-pc70:1.46.1"
"pli-tv-bu-pm:135.2","pli-tv-bu-vb-pc70:1.47"
"pli-tv-bu-pm:135.3","pli-tv-bu-vb-pc70:1.48"
"pli-tv-bu-pm:135.4","pli-tv-bu-vb-pc70:1.49"
"pli-tv-bu-pm:135.5","pli-tv-bu-vb-pc70:1.50"
"pli-tv-bu-pm:135.6","pli-tv-bu-vb-pc70:1.51"
"pli-tv-bu-pm:135.7","pli-tv-bu-vb-pc70:1.52"
"pli-tv-bu-pm:135.8","pli-tv-bu-vb-pc70:1.53"
"pli-tv-bu-pm:135.9","pli-tv-bu-vb-pc70:1.54"
"pli-tv-bu-pm:135.10","pli-tv-bu-vb-pc70:1.55"
"pli-tv-bu-pm:135.11","pli-tv-bu-vb-pc70:2.3.7"
"pli-tv-bu-pm:136.0.2","Confession 71: Legitimate Correction "
"pli-tv-bu-pm:136.1","pli-tv-bu-vb-pc71:1.19.1"
"pli-tv-bu-pm:136.2","pli-tv-bu-vb-pc71:1.20"
"pli-tv-bu-pm:137.0","Confession 72: Annoyance "
"pli-tv-bu-pm:137.1","pli-tv-bu-vb-pc72:1.20.1"
"pli-tv-bu-pm:138.0","Confession 73: Deception "
"pli-tv-bu-pm:138.1","pli-tv-bu-vb-pc73:1.15.1"
"pli-tv-bu-pm:138.2","pli-tv-bu-vb-pc73:1.16"
"pli-tv-bu-pm:138.3","pli-tv-bu-vb-pc73:1.17"
"pli-tv-bu-pm:138.4","pli-tv-bu-vb-pc73:1.18"
"pli-tv-bu-pm:138.5","pli-tv-bu-vb-pc73:1.19"
"pli-tv-bu-pm:139.0","Confession 74: Hitting "
"pli-tv-bu-pm:139.1","pli-tv-bu-vb-pc74:1.15.1"
"pli-tv-bu-pm:140.0","Confession 75: Raising a Hand "
"pli-tv-bu-pm:140.1","pli-tv-bu-vb-pc75:1.15.1"
"pli-tv-bu-pm:141.0","Confession 76: Groundless Accusation "
"pli-tv-bu-pm:141.1","pli-tv-bu-vb-pc76:1.11.1"
"pli-tv-bu-pm:142.0","Confession 77: Intentionally Making a Monastic Anxious "
"pli-tv-bu-pm:142.1","pli-tv-bu-vb-pc77:1.19.1"
"pli-tv-bu-pm:143.0","Confession 78: Eavesdropping "
"pli-tv-bu-pm:143.1","pli-tv-bu-vb-pc78:1.18.1"
"pli-tv-bu-pm:144.0","Confession 79: Obstructing a Legal Procedure "
"pli-tv-bu-pm:144.1","pli-tv-bu-vb-pc79:1.22.1"
"pli-tv-bu-pm:145.0","Confession 80: Leaving Without Giving Consent "
"pli-tv-bu-pm:145.1","pli-tv-bu-vb-pc80:1.15.1"
"pli-tv-bu-pm:146.0","Confession 81: Criticizing Robe Distribution "
"pli-tv-bu-pm:146.1","pli-tv-bu-vb-pc81:1.16.1"
"pli-tv-bu-pm:147.0","Confession 82: Diverting Gains "
"pli-tv-bu-pm:147.1","pli-tv-bu-vb-pc82:1.26.1"
"pli-tv-bu-pm:147.2","pli-tv-bu-vb-pc82:2.3.7"
"pli-tv-bu-pm:148.0.2","Confession 83: Royal Compounds "
"pli-tv-bu-pm:148.1","pli-tv-bu-vb-pc83:1.3.56.1"
"pli-tv-bu-pm:149.0","Confession 84: Precious Things "
"pli-tv-bu-pm:149.1","pli-tv-bu-vb-pc84:3.17.1"
"pli-tv-bu-pm:149.2","pli-tv-bu-vb-pc84:3.18"
"pli-tv-bu-pm:150.0","Confession 85: Entering a Village at the Wrong Time "
"pli-tv-bu-pm:150.1","pli-tv-bu-vb-pc85:4.9.1"
"pli-tv-bu-pm:151.0","Confession 86: Needle Case "
"pli-tv-bu-pm:151.1","pli-tv-bu-vb-pc86:1.20.1"
"pli-tv-bu-pm:152.0","Confession 87: Beds and Benches "
"pli-tv-bu-pm:152.1","pli-tv-bu-vb-pc87:1.11.1"
"pli-tv-bu-pm:153.0","Confession 88: Upholstery "
"pli-tv-bu-pm:153.1","pli-tv-bu-vb-pc88:1.14.1"
"pli-tv-bu-pm:154.0","Confession 89: Sitting Mats "
"pli-tv-bu-pm:154.1","pli-tv-bu-vb-pc89:2.10.1"
"pli-tv-bu-pm:155.0","Confession 90: Itch Bandage "
"pli-tv-bu-pm:155.1","pli-tv-bu-vb-pc90:1.14.1"
"pli-tv-bu-pm:156.0","Confession 91: Rainy-Season Robes "
"pli-tv-bu-pm:156.1","pli-tv-bu-vb-pc91:1.14.1"
"pli-tv-bu-pm:157.0","Confession 92: Robe Size "
"pli-tv-bu-pm:157.1","pli-tv-bu-vb-pc92:1.15.1"
"pli-tv-bu-pm:157.2","pli-tv-bu-vb-pc92:1.16"
"pli-tv-bu-pm:157.3","pli-tv-bu-vb-pc92:2.2.8"
"pli-tv-bu-pm:158.1","pli-tv-bu-vb-pc92:2.2.14"
"pli-tv-bu-pm:158.2","pli-tv-bu-vb-pc92:2.2.15,pli-tv-bu-vb-pc92:2.2.16"
"pli-tv-bu-pm:158.3","pli-tv-bu-vb-pc92:2.2.17,pli-tv-bu-vb-pc92:2.2.18"
"pli-tv-bu-pm:158.4","pli-tv-bu-vb-pc92:2.2.19,pli-tv-bu-vb-pc92:2.2.20"
"pli-tv-bu-pm:158.5","pli-tv-bu-vb-pc92:2.2.21"
"pli-tv-bu-pm:158.6","pli-tv-bu-vb-pc92:2.2.23"
"pli-tv-bu-pm:159.0","Recitation of the Rules of Acknowledgement "
"pli-tv-bu-pm:159.1","pli-tv-bu-vb-pd1:0.5"
"pli-tv-bu-pm:160.0","Acknowledgement 1: Receiving a Nun’s Food "
"pli-tv-bu-pm:160.1","pli-tv-bu-vb-pd1:1.35.1"
"pli-tv-bu-pm:160.2","pli-tv-bu-vb-pd1:1.36"
"pli-tv-bu-pm:161.0","Acknowledgement 2: Letting a Nun Order Food "
"pli-tv-bu-pm:161.1","pli-tv-bu-vb-pd2:1.15.1"
"pli-tv-bu-pm:161.2","pli-tv-bu-vb-pd2:1.16"
"pli-tv-bu-pm:162.0","Acknowledgement 3: Receiving Food From Designated Familes "
"pli-tv-bu-pm:162.1","pli-tv-bu-vb-pd3:3.15.1"
"pli-tv-bu-pm:162.2","pli-tv-bu-vb-pd3:3.16"
"pli-tv-bu-pm:163.0","Acknowledgement 4: Receiving Food in a Dangerous Region "
"pli-tv-bu-pm:163.1","pli-tv-bu-vb-pd4:2.12.1"
"pli-tv-bu-pm:163.2","pli-tv-bu-vb-pd4:2.13"
"pli-tv-bu-pm:164.1","pli-tv-bu-vb-pd4:3.2.11"
"pli-tv-bu-pm:164.2","pli-tv-bu-vb-pd4:3.2.12,pli-tv-bu-vb-pd4:3.2.13"
"pli-tv-bu-pm:164.3","pli-tv-bu-vb-pd4:3.2.14,pli-tv-bu-vb-pd4:3.2.15"
"pli-tv-bu-pm:164.4","pli-tv-bu-vb-pd4:3.2.16,pli-tv-bu-vb-pd4:3.2.17"
"pli-tv-bu-pm:164.5","pli-tv-bu-vb-pd4:3.2.18"
"pli-tv-bu-pm:164.6","pli-tv-bu-vb-pd4:3.2.19"
"pli-tv-bu-pm:165.0","Recitation of the Rules of Training "
"pli-tv-bu-pm:165.1","pli-tv-bu-vb-sk1:0.6"
"pli-tv-bu-pm:166.0.2","Training 1: Evenly All Around "
"pli-tv-bu-pm:166.1","pli-tv-bu-vb-sk1:1.16.1"
"pli-tv-bu-pm:167.0","Training 2 "
"pli-tv-bu-pm:167.1","pli-tv-bu-vb-sk2:1.3.1"
"pli-tv-bu-pm:168.0","Training 3: Well-Covered "
"pli-tv-bu-pm:168.1","pli-tv-bu-vb-sk3:1.3.1"
"pli-tv-bu-pm:169.0","Training 4 "
"pli-tv-bu-pm:169.1","pli-tv-bu-vb-sk4:1.3.1"
"pli-tv-bu-pm:170.0","Training 5: Well-Restrained "
"pli-tv-bu-pm:170.1","pli-tv-bu-vb-sk5:1.3.1"
"pli-tv-bu-pm:171.0","Training 6: Well-Restrained (2nd) "
"pli-tv-bu-pm:171.1","pli-tv-bu-vb-sk6:1.3.1"
"pli-tv-bu-pm:172.0","Training 7: Lowered Eyes "
"pli-tv-bu-pm:172.1","pli-tv-bu-vb-sk7:1.3.1"
"pli-tv-bu-pm:173.0",""
"pli-tv-bu-pm:173.1","pli-tv-bu-vb-sk8:1.3.1"
"pli-tv-bu-pm:174.0","Training 9: Lifted Robe "
"pli-tv-bu-pm:174.1","pli-tv-bu-vb-sk9:1.3.1"
"pli-tv-bu-pm:175.0","Training 10 "
"pli-tv-bu-pm:175.1","pli-tv-bu-vb-sk10:1.3.1"
"pli-tv-bu-pm:175.2","pli-tv-bu-vb-sk10:1.16"
"pli-tv-bu-pm:176.0.1","Training Training 11: Laughing Loudly "
"pli-tv-bu-pm:177.1","pli-tv-bu-vb-sk11:1.3.1"
"pli-tv-bu-pm:178.0","Training 12 "
"pli-tv-bu-pm:178.1","pli-tv-bu-vb-sk12:1.3.1"
"pli-tv-bu-pm:179.0","Training 13: Not Noisy "
"pli-tv-bu-pm:179.1","pli-tv-bu-vb-sk13:1.3.1"
"pli-tv-bu-pm:180.0","Training 14 "
"pli-tv-bu-pm:180.1","pli-tv-bu-vb-sk14:1.3.1"
"pli-tv-bu-pm:181.0","Training 15: Swaying "
"pli-tv-bu-pm:181.1","pli-tv-bu-vb-sk15:1.3.1"
"pli-tv-bu-pm:182.0","Training 16 "
"pli-tv-bu-pm:182.1","pli-tv-bu-vb-sk16:1.3.1"
"pli-tv-bu-pm:183.0","Training 17: Swinging the Arms "
"pli-tv-bu-pm:183.1","pli-tv-bu-vb-sk17:1.3.1"
"pli-tv-bu-pm:184.0","Training 18 "
"pli-tv-bu-pm:184.1","pli-tv-bu-vb-sk18:1.3.1"
"pli-tv-bu-pm:185.0","Training 19: Swaying the Head "
"pli-tv-bu-pm:185.1","pli-tv-bu-vb-sk19:1.3.1"
"pli-tv-bu-pm:186.0","Training 20. "
"pli-tv-bu-pm:186.1","pli-tv-bu-vb-sk20:1.3.1"
"pli-tv-bu-pm:186.2","pli-tv-bu-vb-sk20:1.17"
"pli-tv-bu-pm:187.0.2","Training  21: Arms Akimbo "
"pli-tv-bu-pm:187.1","pli-tv-bu-vb-sk21:1.3.1"
"pli-tv-bu-pm:188.0","Training 22. "
"pli-tv-bu-pm:188.1","pli-tv-bu-vb-sk22:1.3.1"
"pli-tv-bu-pm:189.0","Training 23: Covering the Head "
"pli-tv-bu-pm:189.1","pli-tv-bu-vb-sk23:1.3.1"
"pli-tv-bu-pm:190.0","Training 24. "
"pli-tv-bu-pm:191.1","pli-tv-bu-vb-sk24:1.3.1"
"pli-tv-bu-pm:192.0","Training 25: Squatting "
"pli-tv-bu-pm:192.1","pli-tv-bu-vb-sk25:1.3.1"
"pli-tv-bu-pm:193.0","Training 26: Clasping Knees "
"pli-tv-bu-pm:193.1","pli-tv-bu-vb-sk26:1.3.1"
"pli-tv-bu-pm:194.0","Training 27: Receiving Respectfully "
"pli-tv-bu-pm:194.1","pli-tv-bu-vb-sk27:1.3.1"
"pli-tv-bu-pm:195.0","Training 28: Receiving with Attention on the Bowl "
"pli-tv-bu-pm:195.1","pli-tv-bu-vb-sk28:1.3.1"
"pli-tv-bu-pm:196.0","Training 29: Receiving in Proportion "
"pli-tv-bu-pm:196.1","pli-tv-bu-vb-sk29:1.3.1"
"pli-tv-bu-pm:197.0","Training 30: Receiving Even Level "
"pli-tv-bu-pm:197.1","pli-tv-bu-vb-sk30:1.3.1"
"pli-tv-bu-pm:198.2","pli-tv-bu-vb-sk30:1.11"
"pli-tv-bu-pm:199.0.2","Training 31: Eating Respectfully "
"pli-tv-bu-pm:199.1","pli-tv-bu-vb-sk31:1.3.1"
"pli-tv-bu-pm:200.0","Training 32: Eating with Attention on the Bowl "
"pli-tv-bu-pm:200.1","pli-tv-bu-vb-sk32:1.3.1"
"pli-tv-bu-pm:201.0","Training 33: Eating in Order "
"pli-tv-bu-pm:201.1","pli-tv-bu-vb-sk33:1.3.1"
"pli-tv-bu-pm:202.0","Training 34: Even Measure of Curry "
"pli-tv-bu-pm:202.1","pli-tv-bu-vb-sk34:1.3.1"
"pli-tv-bu-pm:203.0","Training 35: Making Food into a Monument "
"pli-tv-bu-pm:203.1","pli-tv-bu-vb-sk35:1.3.1"
"pli-tv-bu-pm:204.0","Training 36: Covering with Rice "
"pli-tv-bu-pm:204.1","pli-tv-bu-vb-sk36:1.3.1"
"pli-tv-bu-pm:205.0","Training 37: Asking for Rice and Curry "
"pli-tv-bu-pm:205.1","pli-tv-bu-vb-sk37:2.10.1"
"pli-tv-bu-pm:206.0","Training 38: Finding Fault "
"pli-tv-bu-pm:206.1","pli-tv-bu-vb-sk38:1.3.1"
"pli-tv-bu-pm:207.0","Training 39: Overlarge Mouthful "
"pli-tv-bu-pm:207.1","pli-tv-bu-vb-sk39:1.3.1"
"pli-tv-bu-pm:208.0","Round Mouthful "
"pli-tv-bu-pm:208.1","pli-tv-bu-vb-sk40:1.3.1"
"pli-tv-bu-pm:208.2","pli-tv-bu-vb-sk40:1.18"
"pli-tv-bu-pm:209.0.2","Training 41: Without Bringing "
"pli-tv-bu-pm:209.1","pli-tv-bu-vb-sk41:1.3.1"
"pli-tv-bu-pm:210.0","Training 42: Whole Hand "
"pli-tv-bu-pm:210.1","pli-tv-bu-vb-sk42:1.3.1"
"pli-tv-bu-pm:211.0","Training 43: Mouth Full "
"pli-tv-bu-pm:211.1","pli-tv-bu-vb-sk43:1.3.1"
"pli-tv-bu-pm:212.0","Training 44: Lifted Lump "
"pli-tv-bu-pm:212.1","pli-tv-bu-vb-sk44:1.3.1"
"pli-tv-bu-pm:213.0","Training 45: Breaking Lumps "
"pli-tv-bu-pm:213.1","pli-tv-bu-vb-sk45:1.3.1"
"pli-tv-bu-pm:214.0","Training 46: Stuffing Cheeks "
"pli-tv-bu-pm:214.1","pli-tv-bu-vb-sk46:1.3.1"
"pli-tv-bu-pm:215.0","Training 47: Shaking the Hand "
"pli-tv-bu-pm:215.1","pli-tv-bu-vb-sk47:1.3.1"
"pli-tv-bu-pm:216.0","Training 48: Scattering Rice "
"pli-tv-bu-pm:216.1","pli-tv-bu-vb-sk48:1.3.1"
"pli-tv-bu-pm:217.0","Training 49: Poking the Tongue "
"pli-tv-bu-pm:217.1","pli-tv-bu-vb-sk49:1.3.1"
"pli-tv-bu-pm:218.0","Training 50: Chomping "
"pli-tv-bu-pm:218.1","pli-tv-bu-vb-sk50:1.3.1"
"pli-tv-bu-pm:218.2","pli-tv-bu-vb-sk50:1.10"
"pli-tv-bu-pm:219.0.2","Training 51: Slurping "
"pli-tv-bu-pm:219.1","pli-tv-bu-vb-sk51:1.19.1"
"pli-tv-bu-pm:220.0","Training 52: Licking the Hands "
"pli-tv-bu-pm:220.1","pli-tv-bu-vb-sk52:1.3.1"
"pli-tv-bu-pm:221.0","Training 53: Licking the Bowl "
"pli-tv-bu-pm:221.1","pli-tv-bu-vb-sk53:1.3.1"
"pli-tv-bu-pm:222.0","Training 54: Licking the Lips "
"pli-tv-bu-pm:222.1","pli-tv-bu-vb-sk54:1.3.1"
"pli-tv-bu-pm:223.0","Training 55: Soiling "
"pli-tv-bu-pm:223.1","pli-tv-bu-vb-sk55:1.14.1"
"pli-tv-bu-pm:224.0","Training 56: Washing Water with Rice "
"pli-tv-bu-pm:224.1","pli-tv-bu-vb-sk56:1.14.1"
"pli-tv-bu-pm:225.0","Training 57: Holding a Sunshade "
"pli-tv-bu-pm:225.1","pli-tv-bu-vb-sk57:2.9.1"
"pli-tv-bu-pm:226.0","Training 58: Holding a staff "
"pli-tv-bu-pm:226.1","pli-tv-bu-vb-sk58:1.3.1"
"pli-tv-bu-pm:227.0","Training 59: Holding a Knife "
"pli-tv-bu-pm:227.1","pli-tv-bu-vb-sk59:1.3.1"
"pli-tv-bu-pm:228.0","Training 60: Holding a Weapon "
"pli-tv-bu-pm:228.1","pli-tv-bu-vb-sk60:1.3.1"
"pli-tv-bu-pm:228.2","pli-tv-bu-vb-sk60:1.12"
"pli-tv-bu-pm:229.0.2","Training 61: Shoes "
"pli-tv-bu-pm:229.1","pli-tv-bu-vb-sk61:1.3.1"
"pli-tv-bu-pm:230.0","Training 62: Sandals "
"pli-tv-bu-pm:230.1","pli-tv-bu-vb-sk62:1.3.1"
"pli-tv-bu-pm:231.0","Training 63: Vehicle "
"pli-tv-bu-pm:231.1","pli-tv-bu-vb-sk63:1.3.1"
"pli-tv-bu-pm:232.0","Training 64: Lying Down "
"pli-tv-bu-pm:232.1","pli-tv-bu-vb-sk64:1.3.1"
"pli-tv-bu-pm:233.0","Training 65: Clasping Knees "
"pli-tv-bu-pm:233.1","pli-tv-bu-vb-sk65:1.3.1"
"pli-tv-bu-pm:234.0","Training 66: Headdresses "
"pli-tv-bu-pm:234.1","pli-tv-bu-vb-sk66:1.3.1"
"pli-tv-bu-pm:235.0","Training 67: Covering the Head "
"pli-tv-bu-pm:235.1","pli-tv-bu-vb-sk67:1.3.1"
"pli-tv-bu-pm:236.0","Training 68: On the Ground "
"pli-tv-bu-pm:236.1","pli-tv-bu-vb-sk68:1.3.1"
"pli-tv-bu-pm:237.0","Training 69: Low Seats "
"pli-tv-bu-pm:237.1","pli-tv-bu-vb-sk69:1.46.1"
"pli-tv-bu-pm:238.0","Training 70: Standing "
"pli-tv-bu-pm:238.1","pli-tv-bu-vb-sk70:1.3.1"
"pli-tv-bu-pm:239.0","Training 71: Walking Behind "
"pli-tv-bu-pm:239.1","pli-tv-bu-vb-sk71:1.3.1"
"pli-tv-bu-pm:240.0","Training 72: Off the Path "
"pli-tv-bu-pm:240.1","pli-tv-bu-vb-sk72:1.3.1"
"pli-tv-bu-pm:241.0","Training 73: While Standing "
"pli-tv-bu-pm:241.1","pli-tv-bu-vb-sk73:1.3.1"
"pli-tv-bu-pm:242.0","Training 74: On Plants "
"pli-tv-bu-pm:242.1","pli-tv-bu-vb-sk74:1.3.1"
"pli-tv-bu-pm:243.0","Training 75: In Water "
"pli-tv-bu-pm:243.1","pli-tv-bu-vb-sk75:2.6.1"
"pli-tv-bu-pm:243.2","pli-tv-bu-vb-sk75:2.21"
"pli-tv-bu-pm:244.1","pli-tv-bu-vb-sk75:2.22"
"pli-tv-bu-pm:244.2","pli-tv-bu-vb-sk75:2.23,pli-tv-bu-vb-sk75:2.24"
"pli-tv-bu-pm:244.3","pli-tv-bu-vb-sk75:2.25,pli-tv-bu-vb-sk75:2.26"
"pli-tv-bu-pm:244.4","pli-tv-bu-vb-sk75:2.27,pli-tv-bu-vb-sk75:2.28"
"pli-tv-bu-pm:244.5","pli-tv-bu-vb-sk75:2.29"
"pli-tv-bu-pm:244.6","pli-tv-bu-vb-sk75:2.31"
"pli-tv-bu-pm:245.0","pli-tv-bu-vb-as1:0.3"
"pli-tv-bu-pm:245.1","pli-tv-bu-vb-as1:1.1"
"pli-tv-bu-pm:246.1","pli-tv-bu-vb-as1:2.1"
"pli-tv-bu-pm:247.0","Settling Legal Issues 1 "
"pli-tv-bu-pm:247.1","pli-tv-bu-vb-as1:2.2"
"pli-tv-bu-pm:248.0","Settling Legal Issues 2 "
"pli-tv-bu-pm:248.1","pli-tv-bu-vb-as2:1.1"
"pli-tv-bu-pm:249.0","Settling Legal Issues 3 "
"pli-tv-bu-pm:249.1","pli-tv-bu-vb-as3:1.1"
"pli-tv-bu-pm:250.0","Settling Legal Issues 4 "
"pli-tv-bu-pm:250.1","pli-tv-bu-vb-as4:1.1"
"pli-tv-bu-pm:251.0","Settling Legal Issues 5 "
"pli-tv-bu-pm:251.1","pli-tv-bu-vb-as5:1.1"
"pli-tv-bu-pm:252.0","Settling Legal Issues 6 "
"pli-tv-bu-pm:252.1","pli-tv-bu-vb-as6:1.1"
"pli-tv-bu-pm:253.0","Settling Legal Issues 7 "
"pli-tv-bu-pm:253.1","pli-tv-bu-vb-as7:1.1"
"pli-tv-bu-pm:254.1","pli-tv-bu-vb-as7:2.1"
"pli-tv-bu-pm:254.2","pli-tv-bu-vb-as7:2.2,pli-tv-bu-vb-as7:2.3"
"pli-tv-bu-pm:254.3","pli-tv-bu-vb-as7:2.4,pli-tv-bu-vb-as7:2.5"
"pli-tv-bu-pm:254.4","pli-tv-bu-vb-as7:2.6,pli-tv-bu-vb-as7:2.7"
"pli-tv-bu-pm:254.5","pli-tv-bu-vb-as7:2.8"
"pli-tv-bu-pm:254.6","pli-tv-bu-vb-as7:3.1"
"pli-tv-bu-pm:255.1","pli-tv-bu-vb-as7:4.1"
"pli-tv-bu-pm:255.2","pli-tv-bu-vb-as7:4.2"
"pli-tv-bu-pm:255.3","pli-tv-bu-vb-as7:4.3"
"pli-tv-bu-pm:255.4","pli-tv-bu-vb-as7:4.4"
"pli-tv-bu-pm:255.5","pli-tv-bu-vb-as7:4.5"
"pli-tv-bu-pm:255.6","pli-tv-bu-vb-as7:4.6"
"pli-tv-bu-pm:255.7","pli-tv-bu-vb-as7:4.7"
"pli-tv-bu-pm:255.8","pli-tv-bu-vb-as7:4.8"
"pli-tv-bu-pm:255.9","pli-tv-bu-vb-as7:4.9"
"pli-tv-bu-pm:255.10","pli-tv-bu-vb-as7:4.10"
"pli-tv-bu-pm:255.11","pli-tv-bu-vb-as7:4.11"
