"pli-tv-bi-pm:9.0","Expulsion 1. Sexual Intercourse "
"pli-tv-bi-pm:9.1","pli-tv-bu-vb-pj1:7.1.16.1"
"pli-tv-bi-pm:10.0","Expulsion 2. Theft "
"pli-tv-bi-pm:10.1","pli-tv-bu-vb-pj2:2.28.1"
"pli-tv-bi-pm:10.2","pli-tv-bu-vb-pj2:2.29"
"pli-tv-bi-pm:10.3","pli-tv-bu-vb-pj2:2.30"
"pli-tv-bi-pm:11.0","Expulsion 3. Murder "
"pli-tv-bi-pm:11.1","pli-tv-bu-vb-pj3:2.49.1"
"pli-tv-bi-pm:11.2","pli-tv-bu-vb-pj3:2.50"
"pli-tv-bi-pm:11.3","pli-tv-bu-vb-pj3:2.51"
"pli-tv-bi-pm:11.4","pli-tv-bu-vb-pj3:2.52"
"pli-tv-bi-pm:12.0","Expulsion 3. Laying False Claim to Superhuman Attainments "
"pli-tv-bi-pm:12.1","pli-tv-bu-vb-pj4:2.12.1"
"pli-tv-bi-pm:12.2","pli-tv-bu-vb-pj4:2.13"
"pli-tv-bi-pm:12.3","pli-tv-bu-vb-pj4:2.14"
"pli-tv-bi-pm:12.4","pli-tv-bu-vb-pj4:2.15"
"pli-tv-bi-pm:13.0","Expulsion 5. Above the Knees "
"pli-tv-bi-pm:13.1","pli-tv-bi-vb-pj5:1.54.1"
"pli-tv-bi-pm:14.0","Expulsion 6. Conceal Offenses "
"pli-tv-bi-pm:14.1","pli-tv-bi-vb-pj6:1.23.1"
"pli-tv-bi-pm:15.0","Expulsion 7. Siding with One Ejected "
"pli-tv-bi-pm:15.1","pli-tv-bi-vb-pj7:1.11.1"
"pli-tv-bi-pm:15.2","pli-tv-bi-vb-pj7:1.12"
"pli-tv-bi-pm:15.3","pli-tv-bi-vb-pj7:1.13"
"pli-tv-bi-pm:15.4","pli-tv-bi-vb-pj7:1.14"
"pli-tv-bi-pm:15.5","pli-tv-bi-vb-pj7:1.15"
"pli-tv-bi-pm:16.0","Expulsion 8. Eight Factors "
"pli-tv-bi-pm:16.1","pli-tv-bi-vb-pj8:1.11.1"
"pli-tv-bi-pm:17.1","pli-tv-bi-vb-pj8:2.2.11"
"pli-tv-bi-pm:17.2,pli-tv-bi-pm:17.3","pli-tv-bi-vb-pj8:2.2.12"
"pli-tv-bi-pm:17.4","pli-tv-bi-vb-pj8:2.2.13,pli-tv-bi-vb-pj8:2.2.14"
"pli-tv-bi-pm:17.5","pli-tv-bi-vb-pj8:2.2.15,pli-tv-bi-vb-pj8:2.2.16"
"pli-tv-bi-pm:17.6","pli-tv-bi-vb-pj8:2.2.17,pli-tv-bi-vb-pj8:2.2.18"
"pli-tv-bi-pm:17.7","pli-tv-bi-vb-pj8:2.2.19"
"pli-tv-bi-pm:17.8","pli-tv-bi-vb-pj8:2.2.20"
"pli-tv-bi-pm:18.0","Recitation of the Rules of Suspension "
"pli-tv-bi-pm:18.1","pli-tv-bi-vb-ss1:0.5"
"pli-tv-bi-pm:19.0","Suspension 1: Litigious "
"pli-tv-bi-pm:19.1","pli-tv-bi-vb-ss1:1.56.1"
"pli-tv-bi-pm:20.0","Suspension 2: Ordaining a Criminal "
"pli-tv-bi-pm:20.1","pli-tv-bi-vb-ss2:1.40.1"
"pli-tv-bi-pm:21.0","Suspension 3. Walking Alone to the Next Village "
"pli-tv-bi-pm:21.1","pli-tv-bi-vb-ss3:4.14.1"
"pli-tv-bi-pm:22.0","Suspension 4. Reinstating One Ejected "
"pli-tv-bi-pm:22.1","pli-tv-bi-vb-ss4:1.27.1"
"pli-tv-bi-pm:23.0","Suspension 5: Receiving Food With Lust "
"pli-tv-bi-pm:23.1","pli-tv-bi-vb-ss5:1.14.1"
"pli-tv-bi-pm:24.0","Suspension 6: Encouraging Receiving Food From One With Lust "
"pli-tv-bi-pm:24.1","pli-tv-bi-vb-ss6:1.26.1"
"pli-tv-bi-pm:25.0","Suspension 7. Matchmaking "
"pli-tv-bi-pm:25.1","pli-tv-bu-vb-ss5:2.2.13.1"
"pli-tv-bi-pm:26.0","Suspension 8: Making a Groundless Accusation Out of Anger "
"pli-tv-bi-pm:26.1","pli-tv-bu-vb-ss8:1.9.32.1"
"pli-tv-bi-pm:26.2","pli-tv-bu-vb-ss8:1.9.33"
"pli-tv-bi-pm:27.0","Suspension 9: Making an Accusation Out of Anger on an Irrelevant Pretext "
"pli-tv-bi-pm:27.1","pli-tv-bu-vb-ss9:1.2.14.1"
"pli-tv-bi-pm:27.2","pli-tv-bu-vb-ss9:1.2.15"
"pli-tv-bi-pm:28.0","Suspension 10: Renouncing the Training "
"pli-tv-bi-pm:28.1","pli-tv-bi-vb-ss10:1.19.1"
"pli-tv-bi-pm:28.2","pli-tv-bi-vb-ss10:1.19.1"
"pli-tv-bi-pm:28.3","pli-tv-bi-vb-ss10:1.21"
"pli-tv-bi-pm:28.4","pli-tv-bi-vb-ss10:1.22"
"pli-tv-bi-pm:28.5","pli-tv-bi-vb-ss10:1.23"
"pli-tv-bi-pm:28.6","pli-tv-bi-vb-ss10:1.24"
"pli-tv-bi-pm:28.7","pli-tv-bi-vb-ss10:1.25"
"pli-tv-bi-pm:29.0","Suspension 11: Getting Angry Over a Legal Issue "
"pli-tv-bi-pm:29.1","pli-tv-bi-vb-ss11:1.15.1"
"pli-tv-bi-pm:29.2","pli-tv-bi-vb-ss11:1.16,pli-tv-bi-vb-ss11:1.17"
"pli-tv-bi-pm:29.3","pli-tv-bi-vb-ss11:1.18,pli-tv-bi-vb-ss11:1.19"
"pli-tv-bi-pm:29.4","pli-tv-bi-vb-ss11:1.20"
"pli-tv-bi-pm:29.5","pli-tv-bi-vb-ss11:1.21"
"pli-tv-bi-pm:29.6","pli-tv-bi-vb-ss11:1.22"
"pli-tv-bi-pm:29.7","pli-tv-bi-vb-ss11:1.23"
"pli-tv-bi-pm:30.0","Suspension 12: Socializing "
"pli-tv-bi-pm:30.1","pli-tv-bi-vb-ss12:1.11.1"
"pli-tv-bi-pm:30.2","pli-tv-bi-vb-ss12:1.12"
"pli-tv-bi-pm:30.3","pli-tv-bi-vb-ss12:1.13"
"pli-tv-bi-pm:30.4","pli-tv-bi-vb-ss12:1.14"
"pli-tv-bi-pm:30.5","pli-tv-bi-vb-ss12:1.15"
"pli-tv-bi-pm:30.6","pli-tv-bi-vb-ss12:1.16"
"pli-tv-bi-pm:30.7","pli-tv-bi-vb-ss12:1.17"
"pli-tv-bi-pm:31.0","Suspension 13: Siding With One Socializing "
"pli-tv-bi-pm:31.1","pli-tv-bi-vb-ss13:1.23.1"
"pli-tv-bi-pm:31.2","pli-tv-bi-vb-ss13:1.24"
"pli-tv-bi-pm:31.3","pli-tv-bi-vb-ss13:1.25"
"pli-tv-bi-pm:31.4","pli-tv-bi-vb-ss13:1.26"
"pli-tv-bi-pm:31.5","pli-tv-bi-vb-ss13:1.27"
"pli-tv-bi-pm:31.6","pli-tv-bi-vb-ss13:1.28"
"pli-tv-bi-pm:31.7","pli-tv-bi-vb-ss13:1.29"
"pli-tv-bi-pm:31.8","pli-tv-bi-vb-ss13:1.30"
"pli-tv-bi-pm:31.9","pli-tv-bi-vb-ss13:1.31"
"pli-tv-bi-pm:31.10","pli-tv-bi-vb-ss13:1.32"
"pli-tv-bi-pm:31.11","pli-tv-bi-vb-ss13:1.33"
"pli-tv-bi-pm:31.12","pli-tv-bi-vb-ss13:1.34"
"pli-tv-bi-pm:32.0","Suspension 14. Causing Schism in the Saṅgha "
"pli-tv-bi-pm:32.1","pli-tv-bu-vb-ss10:1.3.16.1"
"pli-tv-bi-pm:32.2","pli-tv-bu-vb-ss10:1.3.17"
"pli-tv-bi-pm:32.3","pli-tv-bu-vb-ss10:1.3.18"
"pli-tv-bi-pm:32.4","pli-tv-bu-vb-ss10:1.3.19"
"pli-tv-bi-pm:32.5","pli-tv-bu-vb-ss10:1.3.20"
"pli-tv-bi-pm:32.6","pli-tv-bu-vb-ss10:1.3.21"
"pli-tv-bi-pm:33.0","Suspension 15: Following a Schismatic "
"pli-tv-bi-pm:33.1","pli-tv-bu-vb-ss11:1.19.1"
"pli-tv-bi-pm:33.2","pli-tv-bu-vb-ss11:1.20"
"pli-tv-bi-pm:33.3","pli-tv-bu-vb-ss11:1.21"
"pli-tv-bi-pm:33.4","pli-tv-bu-vb-ss11:1.22"
"pli-tv-bi-pm:33.5","pli-tv-bu-vb-ss11:1.23"
"pli-tv-bi-pm:33.6","pli-tv-bu-vb-ss11:1.24"
"pli-tv-bi-pm:33.7","pli-tv-bu-vb-ss11:1.25"
"pli-tv-bi-pm:33.8","pli-tv-bu-vb-ss11:1.26"
"pli-tv-bi-pm:33.9","pli-tv-bu-vb-ss11:1.27"
"pli-tv-bi-pm:33.10","pli-tv-bu-vb-ss11:1.28"
"pli-tv-bi-pm:33.11","pli-tv-bu-vb-ss11:1.29"
"pli-tv-bi-pm:33.12","pli-tv-bu-vb-ss11:1.30"
"pli-tv-bi-pm:34.0","Suspension 16: Difficult to Correct "
"pli-tv-bi-pm:34.1","pli-tv-bu-vb-ss12:1.26.1"
"pli-tv-bi-pm:34.2","pli-tv-bu-vb-ss12:1.27"
"pli-tv-bi-pm:34.3","pli-tv-bu-vb-ss12:1.28"
"pli-tv-bi-pm:34.4","pli-tv-bu-vb-ss12:1.29"
"pli-tv-bi-pm:34.5","pli-tv-bu-vb-ss12:1.30"
"pli-tv-bi-pm:34.6","pli-tv-bu-vb-ss12:1.31"
"pli-tv-bi-pm:34.7","pli-tv-bu-vb-ss12:1.32"
"pli-tv-bi-pm:34.8","pli-tv-bu-vb-ss12:1.33"
"pli-tv-bi-pm:34.9","pli-tv-bu-vb-ss12:1.34"
"pli-tv-bi-pm:34.10","pli-tv-bu-vb-ss12:1.35"
"pli-tv-bi-pm:35.0","Suspension 17: Corrupters of Families "
"pli-tv-bi-pm:35.1","pli-tv-bu-vb-ss13:1.8.10.1"
"pli-tv-bi-pm:35.2","pli-tv-bu-vb-ss13:1.8.11"
"pli-tv-bi-pm:35.3","pli-tv-bu-vb-ss13:1.8.12"
"pli-tv-bi-pm:35.4","pli-tv-bu-vb-ss13:1.8.13"
"pli-tv-bi-pm:35.5","pli-tv-bu-vb-ss13:1.8.14"
"pli-tv-bi-pm:35.6","pli-tv-bu-vb-ss13:1.8.15"
"pli-tv-bi-pm:35.7","pli-tv-bu-vb-ss13:1.8.16"
"pli-tv-bi-pm:35.8","pli-tv-bu-vb-ss13:1.8.17"
"pli-tv-bi-pm:35.9","pli-tv-bu-vb-ss13:1.8.18"
"pli-tv-bi-pm:35.10","pli-tv-bu-vb-ss13:1.8.19"
"pli-tv-bi-pm:35.11","pli-tv-bu-vb-ss13:1.8.20"
"pli-tv-bi-pm:36.1","pli-tv-bi-vb-ss13:3.14,pli-tv-bi-vb-ss13:3.15"
"pli-tv-bi-pm:36.2","pli-tv-bi-vb-ss13:3.16"
"pli-tv-bi-pm:36.3","pli-tv-bi-vb-ss13:3.17"
"pli-tv-bi-pm:36.4","pli-tv-bi-vb-ss13:3.18,pli-tv-bi-vb-ss13:3.19"
"pli-tv-bi-pm:36.5","pli-tv-bi-vb-ss13:3.20,pli-tv-bi-vb-ss13:3.21"
"pli-tv-bi-pm:36.6","pli-tv-bi-vb-ss13:3.22,pli-tv-bi-vb-ss13:3.23"
"pli-tv-bi-pm:36.7","pli-tv-bi-vb-ss13:3.24,pli-tv-bi-vb-ss13:3.25"
"pli-tv-bi-pm:36.8","pli-tv-bi-vb-ss13:3.26"
"pli-tv-bi-pm:36.9","pli-tv-bi-vb-ss13:3.28"
"pli-tv-bi-pm:37.0","Recitation of the Rules of Relinquishment With Confession "
"pli-tv-bi-pm:37.1","pli-tv-bi-vb-np1:0.6"
"pli-tv-bi-pm:38.0.2","Relinquishment With Confession 1: Collecting Bowls "
"pli-tv-bi-pm:38.1","pli-tv-bi-vb-np1:1.14.1"
"pli-tv-bi-pm:39.0","Relinquishment With Confession 2: Sharing Out-of-Season Robe Cloth "
"pli-tv-bi-pm:39.1","pli-tv-bi-vb-np2:1.25.1"
"pli-tv-bi-pm:40.0","Relinquishment With Confession 3: Swapping Robes "
"pli-tv-bi-pm:40.1","pli-tv-bi-vb-np3:1.20.1"
"pli-tv-bi-pm:41.0","Relinquishment With Confession 4: Asking for Something Else "
"pli-tv-bi-pm:41.1","pli-tv-bi-vb-np4:1.27.1"
"pli-tv-bi-pm:42.0","Relinquishment With Confession 5: Exchanging for Something Else "
"pli-tv-bi-pm:42.1","pli-tv-bi-vb-np5:1.28.1"
"pli-tv-bi-pm:43.0","Relinquishment With Confession 6: Exchanging Saṅgha Property "
"pli-tv-bi-pm:43.1","pli-tv-bi-vb-np6:1.16.1"
"pli-tv-bi-pm:44.0","Relinquishment With Confession 7: Exchanging Saṅgha Property (2nd) "
"pli-tv-bi-pm:44.1","pli-tv-bi-vb-np7:1.13.1"
"pli-tv-bi-pm:45.0","Relinquishment With Confession 8: Exchanging Group Property "
"pli-tv-bi-pm:45.1","pli-tv-bi-vb-np8:1.14.1"
"pli-tv-bi-pm:46.0","Relinquishment With Confession 9: Exchanging Group Property (2nd) "
"pli-tv-bi-pm:46.1","pli-tv-bi-vb-np9:1.15.1"
"pli-tv-bi-pm:47.0","Relinquishment With Confession 10: Exchanging Personal Property "
"pli-tv-bi-pm:47.1","pli-tv-bi-vb-np10:1.18.1"
"pli-tv-bi-pm:47.2","The sub-chapter on bowls is finished "
"pli-tv-bi-pm:48.0.2","Relinquishment With Confession 11: Heavy Cloaks "
"pli-tv-bi-pm:48.1","pli-tv-bi-vb-np11:1.21.1"
"pli-tv-bi-pm:49.0","Relinquishment With Confession 12: Light Cloaks "
"pli-tv-bi-pm:49.1","pli-tv-bi-vb-np12:1.21.1"
"pli-tv-bi-pm:50.0","Relinquishment With Confession 13: The Robe-Making Season "
"pli-tv-bi-pm:50.1,pli-tv-bi-pm:50.2","pli-tv-bu-vb-np1:2.17.1"
"pli-tv-bi-pm:51.0","Relinquishment With Confession 14: Staying Apart From Robes "
"pli-tv-bi-pm:51.1","pli-tv-bu-vb-np2:2.39.1"
"pli-tv-bi-pm:52.0","Relinquishment With Confession 15: Out-of-Season Robe Cloth "
"pli-tv-bi-pm:52.1","pli-tv-bu-vb-np3:1.3.13.1"
"pli-tv-bi-pm:52.2","pli-tv-bu-vb-np3:1.3.14"
"pli-tv-bi-pm:52.3","pli-tv-bu-vb-np3:1.3.15"
"pli-tv-bi-pm:52.4","pli-tv-bu-vb-np3:1.3.16"
"pli-tv-bi-pm:53.0","Relinquishment With Confession 16: Asking an Unrelated Person for Robes "
"pli-tv-bi-pm:53.1","pli-tv-bu-vb-np6:2.18.1"
"pli-tv-bi-pm:53.2","pli-tv-bu-vb-np6:2.19"
"pli-tv-bi-pm:54.0","Relinquishment With Confession 17: Accepting Too Many Robes "
"pli-tv-bi-pm:54.1,pli-tv-bi-pm:54.2 ","pli-tv-bu-vb-np7:1.31.1"
"pli-tv-bi-pm:55.0","Relinquishment With Confession 18: Requesting Fine Robes From a Robe Fund "
"pli-tv-bi-pm:55.1","pli-tv-bu-vb-np8:1.1.32.1"
"pli-tv-bi-pm:55.2","pli-tv-bu-vb-np8:1.1.33"
"pli-tv-bi-pm:55.3","pli-tv-bu-vb-np8:1.1.34"
"pli-tv-bi-pm:55.4","pli-tv-bu-vb-np8:1.1.35"
"pli-tv-bi-pm:55.5","pli-tv-bu-vb-np8:1.1.36"
"pli-tv-bi-pm:56.0","Relinquishment With Confession 19: Requesting Fine Robes From a Combined Robe Fund "
"pli-tv-bi-pm:56.1","pli-tv-bu-vb-np9:1.36.1"
"pli-tv-bi-pm:56.2","pli-tv-bu-vb-np9:1.37"
"pli-tv-bi-pm:56.3","pli-tv-bu-vb-np9:1.38"
"pli-tv-bi-pm:56.4","pli-tv-bu-vb-np9:1.39"
"pli-tv-bi-pm:56.5","pli-tv-bu-vb-np9:1.40"
"pli-tv-bi-pm:57.0","missing 20 heading"
"pli-tv-bi-pm:57.1","pli-tv-bu-vb-np10:1.3.1"
"pli-tv-bi-pm:57.2","pli-tv-bu-vb-np10:1.3.2"
"pli-tv-bi-pm:57.3","pli-tv-bu-vb-np10:1.3.3"
"pli-tv-bi-pm:57.4","pli-tv-bu-vb-np10:1.3.4"
"pli-tv-bi-pm:57.5","pli-tv-bu-vb-np10:1.3.5"
"pli-tv-bi-pm:57.6","pli-tv-bu-vb-np10:1.3.6"
"pli-tv-bi-pm:57.7","pli-tv-bu-vb-np10:1.3.7"
"pli-tv-bi-pm:57.8","pli-tv-bu-vb-np10:1.3.8"
"pli-tv-bi-pm:57.9","pli-tv-bu-vb-np10:1.3.9"
"pli-tv-bi-pm:57.10","pli-tv-bu-vb-np10:1.3.10"
"pli-tv-bi-pm:57.11","pli-tv-bu-vb-np10:1.3.11"
"pli-tv-bi-pm:57.12","pli-tv-bu-vb-np10:1.3.12"
"pli-tv-bi-pm:57.13","pli-tv-bu-vb-np10:1.3.13"
"pli-tv-bi-pm:57.14","pli-tv-bu-vb-np10:1.3.14"
"pli-tv-bi-pm:57.15","pli-tv-bu-vb-np10:1.3.15"
"pli-tv-bi-pm:57.16","pli-tv-bu-vb-np10:1.3.16"
"pli-tv-bi-pm:57.17","pli-tv-bu-vb-np10:1.3.17"
"pli-tv-bi-pm:57.18","pli-tv-bu-vb-np10:1.3.18"
"pli-tv-bi-pm:57.19","pli-tv-bu-vb-np10:1.3.19"
"pli-tv-bi-pm:57.20","pli-tv-bu-vb-np10:1.3.20"
"pli-tv-bi-pm:57.21","pli-tv-bu-vb-np10:1.3.21"
"pli-tv-bi-pm:57.22","pli-tv-bu-vb-np10:1.3.22"
"pli-tv-bi-pm:57.23","The sub-chapter on robes is finished. "
"pli-tv-bi-pm:58.0.2","Relinquishment With Confession 21: Money "
"pli-tv-bi-pm:58.1","pli-tv-bu-vb-np18:1.28.1"
"pli-tv-bi-pm:59.0","Relinquishment With Confession 22: Trading With Money "
"pli-tv-bi-pm:59.1","pli-tv-bu-vb-np19:1.15.1"
"pli-tv-bi-pm:60.0","Relinquishment With Confession 23: Bartering "
"pli-tv-bi-pm:60.1","pli-tv-bu-vb-np20:1.35.1"
"pli-tv-bi-pm:61.0","Relinquishment With Confession 24: An Almsbowl With Fewer Than Five Mends "
"pli-tv-bi-pm:61.1","pli-tv-bu-vb-np22:1.3.17.1"
"pli-tv-bi-pm:61.2","pli-tv-bu-vb-np22:1.3.18"
"pli-tv-bi-pm:61.3,pli-tv-bi-pm:61.4 ","pli-tv-bu-vb-np22:1.3.19,pli-tv-bu-vb-np22:1.3.20"
"pli-tv-bi-pm:62.0","Relinquishment With Confession 25: The Five Tonics "
"pli-tv-bi-pm:62.1","pli-tv-bu-vb-np23:1.3.32.1"
"pli-tv-bi-pm:62.2","pli-tv-bu-vb-np23:1.3.33"
"pli-tv-bi-pm:63.0","Relinquishment With Confession 26: Taking Back Robe-Cloth "
"pli-tv-bi-pm:63.1","pli-tv-bu-vb-np25:1.27.1"
"pli-tv-bi-pm:64.0","Relinquishment With Confession 27: Asking for Thread "
"pli-tv-bi-pm:64.1","pli-tv-bu-vb-np26:1.23.1"
"pli-tv-bi-pm:65.0","Relinquishment With Confession 28: Bribing Weavers "
"pli-tv-bi-pm:65.1","pli-tv-bu-vb-np27:1.45.1"
"pli-tv-bi-pm:65.2","pli-tv-bu-vb-np27:1.46"
"pli-tv-bi-pm:65.3","pli-tv-bu-vb-np27:1.47"
"pli-tv-bi-pm:65.4","pli-tv-bu-vb-np27:1.48"
"pli-tv-bi-pm:66.0","Relinquishment With Confession 29: Haste-Cloth "
"pli-tv-bi-pm:66.1","pli-tv-bu-vb-np28:1.2.19.1"
"pli-tv-bi-pm:66.2","pli-tv-bu-vb-np28:1.2.20"
"pli-tv-bi-pm:67.0","Relinquishment With Confession 30: Offerings Intended for the Saṅgha "
"pli-tv-bi-pm:67.1","pli-tv-bu-vb-np30:1.27.1"
"pli-tv-bi-pm:67.2","The sub-chapter on bowls is finished "
"pli-tv-bi-pm:68.1","pli-tv-bu-vb-np30:2.43"
"pli-tv-bi-pm:68.2","pli-tv-bu-vb-np30:2.44,pli-tv-bu-vb-np30:2.45"
"pli-tv-bi-pm:68.3","pli-tv-bu-vb-np30:2.46,pli-tv-bu-vb-np30:2.47"
"pli-tv-bi-pm:68.4","pli-tv-bu-vb-np30:2.48,pli-tv-bu-vb-np30:2.49"
"pli-tv-bi-pm:68.5","pli-tv-bu-vb-np30:2.50,pli-tv-bu-vb-np30:2.51"
"pli-tv-bi-pm:68.6","The offenses entailing relinquishment and confession are finished. "
"pli-tv-bi-pm:69.0","Recitation of the Rules of Confession "
"pli-tv-bi-pm:69.1","pli-tv-bi-vb-pc1:0.6"
"pli-tv-bi-pm:70.0.2","Confession 1: Garlic "
"pli-tv-bi-pm:70.1","pli-tv-bi-vb-pc1:1.41.1"
"pli-tv-bi-pm:71.0","Confession 2: Pubic Hair "
"pli-tv-bi-pm:71.1","pli-tv-bi-vb-pc2:1.14.1"
"pli-tv-bi-pm:72.0","Confession 3: Masturbation "
"pli-tv-bi-pm:72.1","pli-tv-bi-vb-pc3:1.14.1"
"pli-tv-bi-pm:73.0","Confession 4: Dildos "
"pli-tv-bi-pm:73.1","pli-tv-bi-vb-pc4:1.21.1"
"pli-tv-bi-pm:74.0","Confession 5: Douching "
"pli-tv-bi-pm:74.1","pli-tv-bi-vb-pc5:1.2.12.1"
"pli-tv-bi-pm:75.0","Confession 6: Attending a Monk "
"pli-tv-bi-pm:75.1","pli-tv-bi-vb-pc6:1.19.1"
"pli-tv-bi-pm:76.0","Confession 7: Raw Grain "
"pli-tv-bi-pm:76.1","pli-tv-bi-vb-pc7:1.14.1"
"pli-tv-bi-pm:77.0","Confession 8: Disposing Feces "
"pli-tv-bi-pm:77.1","pli-tv-bi-vb-pc8:1.26.1"
"pli-tv-bi-pm:78.0","Confession 9: Disposing Feces on Plants "
"pli-tv-bi-pm:78.1","pli-tv-bi-vb-pc9:1.15.1"
"pli-tv-bi-pm:79.0","Confession 10: Dancing and Singing "
"pli-tv-bi-pm:79.1","pli-tv-bi-vb-pc10:1.15.1"
"pli-tv-bi-pm:79.2","pli-tv-bi-vb-pc10:2.2.10"
"pli-tv-bi-pm:80.0.2","Confession 11: The Dark of the Night "
"pli-tv-bi-pm:80.1","pli-tv-bi-vb-pc11:1.12.1"
"pli-tv-bi-pm:81.0","Confession 12: Concealed Places "
"pli-tv-bi-pm:81.1","pli-tv-bi-vb-pc12:1.13.1"
"pli-tv-bi-pm:82.0","Confession 13: Talking In the Open "
"pli-tv-bi-pm:82.1","pli-tv-bi-vb-pc13:1.13.1"
"pli-tv-bi-pm:83.0","Confession 14: Dismissing a Companion "
"pli-tv-bi-pm:83.1","pli-tv-bi-vb-pc14:1.11.1"
"pli-tv-bi-pm:84.0","Confession 15: Departing Without Taking Leave "
"pli-tv-bi-pm:84.1","pli-tv-bi-vb-pc15:1.19.1"
"pli-tv-bi-pm:85.0","Confession 16: Sitting Without Permission "
"pli-tv-bi-pm:85.1","pli-tv-bi-vb-pc16:1.15.1"
"pli-tv-bi-pm:86.0","Confession 17: Laying Bedding Without Permission "
"pli-tv-bi-pm:86.1","pli-tv-bi-vb-pc17:1.20.1"
"pli-tv-bi-pm:87.0","Confession 18: Complaining About Others "
"pli-tv-bi-pm:87.1","pli-tv-bi-vb-pc18:1.15.1"
"pli-tv-bi-pm:88.0","Confession 19: Cursing Another "
"pli-tv-bi-pm:88.1","pli-tv-bi-vb-pc19:1.17.1"
"pli-tv-bi-pm:89.0","Confession 20: Crying "
"pli-tv-bi-pm:89.1","pli-tv-bi-vb-pc20:1.11.1"
"pli-tv-bi-pm:89.2","pli-tv-bi-vb-pc20:2.2.6"
"pli-tv-bi-pm:90.0.2","Confession 21: Nakedness "
"pli-tv-bi-pm:90.1","pli-tv-bi-vb-pc21:1.16.1"
"pli-tv-bi-pm:91.0","Confession 22: Bathing Robes "
"pli-tv-bi-pm:91.1","pli-tv-bi-vb-pc22:1.14.1"
"pli-tv-bi-pm:92.0","Confession 23: Sewing Robes "
"pli-tv-bi-pm:92.1","pli-tv-bi-vb-pc23:1.20.1"
"pli-tv-bi-pm:93.0","Confession 24: Moving Robes "
"pli-tv-bi-pm:93.1","pli-tv-bi-vb-pc24:1.16.1"
"pli-tv-bi-pm:94.0","Confession 25: Borrowed Robes "
"pli-tv-bi-pm:94.1","pli-tv-bi-vb-pc25:1.18.1"
"pli-tv-bi-pm:95.0","Confession 26: Group Robes "
"pli-tv-bi-pm:95.1","pli-tv-bi-vb-pc26:1.19.1"
"pli-tv-bi-pm:96.0","Confession 27: Blocking Robe Distribution "
"pli-tv-bi-pm:96.1","pli-tv-bi-vb-pc27:1.18.1"
"pli-tv-bi-pm:97.0","Confession 28: Giving RObes "
"pli-tv-bi-pm:97.1","pli-tv-bi-vb-pc28:1.15.1"
"pli-tv-bi-pm:98.0","Confession 29: Letting the Time Expire "
"pli-tv-bi-pm:98.1","pli-tv-bi-vb-pc29:1.21.1"
"pli-tv-bi-pm:99.0","Confession 30: Ending the Robe-Making Season "
"pli-tv-bi-pm:99.1","pli-tv-bi-vb-pc30:1.2.15.1"
"pli-tv-bi-pm:99.2","pli-tv-bi-vb-pc30:2.2.6"
"pli-tv-bi-pm:100.0.2","Confession 31: Lying on the Same Bed "
"pli-tv-bi-pm:100.1","pli-tv-bi-vb-pc31:1.14.1"
"pli-tv-bi-pm:101.0","Confession 32: Lying on the Same Sheet "
"pli-tv-bi-pm:101.1","pli-tv-bi-vb-pc32:1.14.1"
"pli-tv-bi-pm:102.0","Confession 33: Making Ill at Ease "
"pli-tv-bi-pm:102.1","pli-tv-bi-vb-pc33:1.16.1"
"pli-tv-bi-pm:103.0","Confession 34: Not Nursing "
"pli-tv-bi-pm:103.1","pli-tv-bi-vb-pc34:1.11.1"
"pli-tv-bi-pm:104.0","Confession 35: Throwing Out a Monastic "
"pli-tv-bi-pm:104.1","pli-tv-bi-vb-pc35:1.23.1"
"pli-tv-bi-pm:105.0","Confession 36: Socializing "
"pli-tv-bi-pm:105.1","pli-tv-bi-vb-pc36:1.11.1"
"pli-tv-bi-pm:105.2","pli-tv-bi-vb-pc36:1.12"
"pli-tv-bi-pm:105.3","pli-tv-bi-vb-pc36:1.13"
"pli-tv-bi-pm:105.4,pli-tv-bi-pm:105.5 ","pli-tv-bi-vb-pc36:1.14"
"pli-tv-bi-pm:106.0","Confession 37: Within Their Own Country "
"pli-tv-bi-pm:106.1","pli-tv-bi-vb-pc37:1.12.1"
"pli-tv-bi-pm:107.0","Confession 38: Outside Their Own Country "
"pli-tv-bi-pm:107.1","pli-tv-bi-vb-pc38:1.12.1"
"pli-tv-bi-pm:108.0","Confession 39: During the Rainy Season "
"pli-tv-bi-pm:108.1","pli-tv-bi-vb-pc39:1.14.1"
"pli-tv-bi-pm:109.0","Confession 40: Going Wandering "
"pli-tv-bi-pm:109.1","pli-tv-bi-vb-pc40:1.13.1"
"pli-tv-bi-pm:109.2","pli-tv-bi-vb-pc40:2.2.9"
"pli-tv-bi-pm:110.0.2","Confession 41: Royal Houses "
"pli-tv-bi-pm:110.1","pli-tv-bi-vb-pc41:1.16.1"
"pli-tv-bi-pm:111.0","Confession 42: Using High Couches "
"pli-tv-bi-pm:111.1","pli-tv-bi-vb-pc42:1.14.1"
"pli-tv-bi-pm:112.0","Confession 43: Spinning Yarn "
"pli-tv-bi-pm:112.1","pli-tv-bi-vb-pc43:1.14.1"
"pli-tv-bi-pm:113.0","Confession 44: Serving Householders "
"pli-tv-bi-pm:113.1","pli-tv-bi-vb-pc44:1.11.1"
"pli-tv-bi-pm:114.0","Confession 45: Legal Issues "
"pli-tv-bi-pm:114.1","pli-tv-bi-vb-pc45:1.21.1"
"pli-tv-bi-pm:115.0","Confession 46: Giving Food "
"pli-tv-bi-pm:115.1","pli-tv-bi-vb-pc46:1.15.1"
"pli-tv-bi-pm:116.0","Confession 47: Monastery Robes "
"pli-tv-bi-pm:116.1","pli-tv-bi-vb-pc47:1.12.1"
"pli-tv-bi-pm:117.0","Confession 48: Lodgings "
"pli-tv-bi-pm:117.1","pli-tv-bi-vb-pc48:1.22.1"
"pli-tv-bi-pm:118.0","Confession Learning Pointless Knowledge "
"pli-tv-bi-pm:118.1","pli-tv-bi-vb-pc49:1.14.1"
"pli-tv-bi-pm:119.0","Confession 50: Teaching Pointless Knowledge "
"pli-tv-bi-pm:119.1","pli-tv-bi-vb-pc50:1.14.1"
"pli-tv-bi-pm:119.2","pli-tv-bi-vb-pc50:2.17"
"pli-tv-bi-pm:120.0.2","Confession 51: Entering Monasteries "
"pli-tv-bi-pm:120.1","pli-tv-bi-vb-pc51:3.9.1"
"pli-tv-bi-pm:121.0","Confession 52: Abusing Monks "
"pli-tv-bi-pm:121.1","pli-tv-bi-vb-pc52:1.29.1"
"pli-tv-bi-pm:122.0","Confession 53: Reviling a Group "
"pli-tv-bi-pm:122.1","pli-tv-bi-vb-pc53:1.27.1"
"pli-tv-bi-pm:123.0","Confession 54: Inviting "
"pli-tv-bi-pm:123.1","pli-tv-bi-vb-pc54:1.20.1"
"pli-tv-bi-pm:124.0","Confession 55: Stingy With Families "
"pli-tv-bi-pm:124.1","pli-tv-bi-vb-pc55:1.21.1"
"pli-tv-bi-pm:125.0","Confession 56: Staying Apart from Monks "
"pli-tv-bi-pm:125.1","pli-tv-bi-vb-pc56:1.16.1"
"pli-tv-bi-pm:126.0","Confession 57: Not Inviting "
"pli-tv-bi-pm:126.1","pli-tv-bi-vb-pc57:1.15.1"
"pli-tv-bi-pm:127.0","Confession 58: Instruction "
"pli-tv-bi-pm:127.1","pli-tv-bi-vb-pc58:1.14.1"
"pli-tv-bi-pm:128.0","Confession 59: Going to the Instruction "
"pli-tv-bi-pm:128.1","pli-tv-bi-vb-pc59:1.11.1"
"pli-tv-bi-pm:129.0","Confession 60: Medical Treatment Below the Navel "
"pli-tv-bi-pm:129.1","pli-tv-bi-vb-pc60:1.16.1"
"pli-tv-bi-pm:129.2","pli-tv-bi-vb-pc60:2.2.7"
"pli-tv-bi-pm:130.0.2","Confession 61: Ordaining a Pregnant Woman "
"pli-tv-bi-pm:130.1","pli-tv-bi-vb-pc61:1.17.1"
"pli-tv-bi-pm:131.0","Confession 62: Ordaining a Breastfeeding Woman "
"pli-tv-bi-pm:131.1","pli-tv-bi-vb-pc62:1.17.1"
"pli-tv-bi-pm:132.0","Confession 63: Ordaining Untrained Candidate "
"pli-tv-bi-pm:132.1","pli-tv-bi-vb-pc63:1.41.1"
"pli-tv-bi-pm:133.0","Confession 64: Ordaining Trained Candidate Without Approval "
"pli-tv-bi-pm:133.1","pli-tv-bi-vb-pc64:1.36.1"
"pli-tv-bi-pm:134.0","Confession 65: Ordaining Married Girls Under Twelve "
"pli-tv-bi-pm:134.1","pli-tv-bi-vb-pc65:1.17.1"
"pli-tv-bi-pm:135.0","Confession 66: Ordaining Untrained Married Girls "
"pli-tv-bi-pm:135.1","pli-tv-bi-vb-pc66:1.35.1"
"pli-tv-bi-pm:136.0","Confession 67: Ordaining Trained married Girls Without Approval "
"pli-tv-bi-pm:136.1","pli-tv-bi-vb-pc67:1.36.1"
"pli-tv-bi-pm:137.0","Confession 68: Not Guiding a Disciple After Ordinaition "
"pli-tv-bi-pm:137.1","pli-tv-bi-vb-pc68:1.13.1"
"pli-tv-bi-pm:138.0","Confession 69: Not Following a Mentor "
"pli-tv-bi-pm:138.1","pli-tv-bi-vb-pc69:1.13.1"
"pli-tv-bi-pm:139.0","Confession 70: Not Departing With Disciple "
"pli-tv-bi-pm:139.1","pli-tv-bi-vb-pc70:1.13.1"
"pli-tv-bi-pm:139.2","pli-tv-bi-vb-pc70:2.2.9"
"pli-tv-bi-pm:140.0.2","Confession 71: Ordaining Married Girls Under Twenty "
"pli-tv-bi-pm:140.1","pli-tv-bi-vb-pc71:1.17.1"
"pli-tv-bi-pm:141.0","Confession 72: Ordaining Untrained Unmarried Girls "
"pli-tv-bi-pm:141.1","pli-tv-bi-vb-pc72:1.37.1"
"pli-tv-bi-pm:142.0","Confession 73: Ordaining Trained Unmarried Girls Without Approval "
"pli-tv-bi-pm:142.1","pli-tv-bi-vb-pc73:1.36.1"
"pli-tv-bi-pm:143.0","Confession 74: Under Twelve Years of Seniority "
"pli-tv-bi-pm:143.1","pli-tv-bi-vb-pc74:1.14.1"
"pli-tv-bi-pm:144.0","Confession 75: Twelve Years of Seniority Without Approval "
"pli-tv-bi-pm:144.1","pli-tv-bi-vb-pc75:1.42.1"
"pli-tv-bi-pm:145.0","Confession 76: Criticizing "
"pli-tv-bi-pm:145.1","pli-tv-bi-vb-pc76:1.20.1"
"pli-tv-bi-pm:146.0","Confession 77: Not Ordaining Trainees After Promising "
"pli-tv-bi-pm:146.1","pli-tv-bi-vb-pc77:1.17.1"
"pli-tv-bi-pm:147.0","Confession 78: Not Ordaining Trainees After She Follows "
"pli-tv-bi-pm:147.1","pli-tv-bi-vb-pc78:1.16.1"
"pli-tv-bi-pm:148.0","Confession 79: Temperamental to Live With "
"pli-tv-bi-pm:148.1","pli-tv-bi-vb-pc79:1.11.1"
"pli-tv-bi-pm:149.0","Confession 80: Ordaining Without Permission "
"pli-tv-bi-pm:149.1","pli-tv-bi-vb-pc80:1.14.1"
"pli-tv-bi-pm:150.0","Confession 81: Ordaining After Consent Expires "
"pli-tv-bi-pm:150.1","pli-tv-bi-vb-pc81:1.13.1"
"pli-tv-bi-pm:151.0","Confession 82: Every Year "
"pli-tv-bi-pm:151.1","pli-tv-bi-vb-pc82:1.14.1"
"pli-tv-bi-pm:152.0","Confession 83: One Year "
"pli-tv-bi-pm:152.1","pli-tv-bi-vb-pc83:1.16.1"
"pli-tv-bi-pm:152.2","pli-tv-bi-vb-pc83:2.2.6"
"pli-tv-bi-pm:153.0.2","Confession 84: Sunshades and Sandals "
"pli-tv-bi-pm:153.1","pli-tv-bi-vb-pc84:1.2.6.1"
"pli-tv-bi-pm:154.0","Confession 85: Vehicle "
"pli-tv-bi-pm:154.1","pli-tv-bi-vb-pc85:1.2.5.1"
"pli-tv-bi-pm:155.0","Confession 86: Hip Ornaments "
"pli-tv-bi-pm:155.1","pli-tv-bi-vb-pc86:1.19.1"
"pli-tv-bi-pm:156.0","Confession 87: Jewllery "
"pli-tv-bi-pm:156.1","pli-tv-bi-vb-pc87:1.14.1"
"pli-tv-bi-pm:157.0","Confession 88: Scents and Colors "
"pli-tv-bi-pm:157.1","pli-tv-bi-vb-pc88:1.14.1"
"pli-tv-bi-pm:158.0","Confession 89: What is Scented "
"pli-tv-bi-pm:158.1","pli-tv-bi-vb-pc89:1.14.1"
"pli-tv-bi-pm:159.0","Confession 90: Getting Nuns to Massage "
"pli-tv-bi-pm:159.1","pli-tv-bi-vb-pc90:1.14.1"
"pli-tv-bi-pm:160.0","Confession 91: Getting Trainees  to Massage "
"pli-tv-bi-pm:160.1","pli-tv-bi-vb-pc93:1.13.1"
"pli-tv-bi-pm:161.0","Confession 92: Getting Novices to Massage "
"pli-tv-bi-pm:161.1","pli-tv-bi-vb-pc93:1.13.1"
"pli-tv-bi-pm:162.0","Confession 93: Getting Laywomen to Massage "
"pli-tv-bi-pm:162.1","pli-tv-bi-vb-pc93:1.13.1"
"pli-tv-bi-pm:163.0","Confession 94: Not Asking Permission "
"pli-tv-bi-pm:163.1","pli-tv-bi-vb-pc94:1.11.1"
"pli-tv-bi-pm:164.0","Confession 96: Asking Questions "
"pli-tv-bi-pm:164.1","pli-tv-bi-vb-pc95:1.11.1"
"pli-tv-bi-pm:165.0","Confession 96: Chest Wraps "
"pli-tv-bi-pm:165.1","pli-tv-bi-vb-pc96:1.16.1"
"pli-tv-bi-pm:165.2","pli-tv-bi-vb-pc96:2.2.11"
"pli-tv-bi-pm:166.0.2","Confession 97: Lying "
"pli-tv-bi-pm:166.1","pli-tv-bu-vb-pc1:1.20.1"
"pli-tv-bi-pm:167.0","Confession 98: Abusive Speech "
"pli-tv-bi-pm:167.1","pli-tv-bu-vb-pc2:1.2.33.1"
"pli-tv-bi-pm:168.0","Confession 99: Malicious Talebearing "
"pli-tv-bi-pm:168.1","pli-tv-bu-vb-pc3:1.20.1"
"pli-tv-bi-pm:169.0","Confession 100: Memorizing the Teaching "
"pli-tv-bi-pm:169.1","pli-tv-bu-vb-pc4:1.16.1"
"pli-tv-bi-pm:170.0","Confession 101: Lying Down With One Not Fully Ordained "
"pli-tv-bi-pm:170.1","pli-tv-bu-vb-pc5:2.16.1"
"pli-tv-bi-pm:171.0","Confession 102: Lying Down With a Man "
"pli-tv-bi-pm:171.1","pli-tv-bu-vb-pc6:1.51.1"
"pli-tv-bi-pm:172.0","Confession 103: Teaching Someone of the Opposite Gender Alone "
"pli-tv-bi-pm:172.1","pli-tv-bu-vb-pc7:3.11.1"
"pli-tv-bi-pm:173.0","Confession 104: Truthfully Announcing Superhuman Attainments "
"pli-tv-bi-pm:173.1","pli-tv-bu-vb-pc8:1.2.26.1"
"pli-tv-bi-pm:174.0","Confession 105: Announcing a Grave Offense "
"pli-tv-bi-pm:174.1","pli-tv-bu-vb-pc9:1.20.1"
"pli-tv-bi-pm:175.0","Confession 106: THIS IS SO NOT IT"
"pli-tv-bi-pm:175.1","pli-tv-bu-vb-pc10:1.16.1"
"pli-tv-bi-pm:175.2","pli-tv-bu-vb-pc10:2.3.9"
"pli-tv-bi-pm:176.0.2","Confession 107:Damaging Plants "
"pli-tv-bi-pm:176.1","pli-tv-bu-vb-pc11:1.29.1"
"pli-tv-bi-pm:177.0","Confession 108: Evasive Speech "
"pli-tv-bi-pm:177.1","pli-tv-bu-vb-pc12:2.28.1"
"pli-tv-bi-pm:178.0","Confession 109: Complaining "
"pli-tv-bi-pm:178.1","pli-tv-bu-vb-pc13:2.12.1"
"pli-tv-bi-pm:179.0","Confession 110: Leaving Furniture Outside "
"pli-tv-bi-pm:179.1","pli-tv-bu-vb-pc14:1.1.9.1"
"pli-tv-bi-pm:180.0","Confession 111: Leaving Bedding Outside "
"pli-tv-bi-pm:180.1","pli-tv-bu-vb-pc15:1.15.1"
"pli-tv-bi-pm:181.0","Confession 112: Encroaching on a Monastic "
"pli-tv-bi-pm:181.1","pli-tv-bu-vb-pc16:1.16.1"
"pli-tv-bi-pm:182.0","Confession 113: Throwing Out a Monastic "
"pli-tv-bi-pm:182.1","pli-tv-bu-vb-pc17:1.31.1"
"pli-tv-bi-pm:183.0","Confession 114: The Upper Story of a Hut "
"pli-tv-bi-pm:183.1","pli-tv-bu-vb-pc18:1.18.1"
"pli-tv-bi-pm:184.0","Confession 115: Applying Materials to a Large Dwelling "
"pli-tv-bi-pm:184.1, pli-tv-bi-pm:184.2","pli-tv-bu-vb-pc19:1.18.1"
"pli-tv-bi-pm:185.0","Confession 116: Using Water With Living Creatures "
"pli-tv-bi-pm:185.1","pli-tv-bu-vb-pc20:1.12.1"
"pli-tv-bi-pm:185.2","pli-tv-bu-vb-pc20:2.3.8"
"pli-tv-bi-pm:186.0.2","Confession 117: Eating at a Public Guest-House "
"pli-tv-bi-pm:186.1, pli-tv-bi-pm:186.2","pli-tv-bu-vb-pc31:2.14.1"
"pli-tv-bi-pm:187.0","Confession 118: Eating in a Group "
"pli-tv-bi-pm:187.1","pli-tv-bu-vb-pc32:8.15.1"
"pli-tv-bi-pm:187.2","pli-tv-bu-vb-pc32:8.16"
"pli-tv-bi-pm:188.0","Confession 119: Accepting Two or Three Bowls Full "
"pli-tv-bi-pm:188.1, pli-tv-bi-pm:188.2","pli-tv-bu-vb-pc34:1.2.21.1"
"pli-tv-bi-pm:188.3","pli-tv-bu-vb-pc34:1.2.22"
"pli-tv-bi-pm:189.0","Confession  120: Eating at the Wrong Time "
"pli-tv-bi-pm:189.1","pli-tv-bu-vb-pc37:1.22.1"
"pli-tv-bi-pm:190.0","Confession 121: Storing Food "
"pli-tv-bi-pm:190.1","pli-tv-bu-vb-pc38:1.18.1"
"pli-tv-bi-pm:191.0","Confession 122: Eating Unoffered Food "
"pli-tv-bi-pm:191.1","pli-tv-bu-vb-pc40:2.5.1"
"pli-tv-bi-pm:192.0","Confession 123: Sending a Monastic Back from Almsround "
"pli-tv-bi-pm:192.1","pli-tv-bu-vb-pc42:1.16.1"
"pli-tv-bi-pm:193.0","Confession 124: Intruding on a Couple Enjoying Themselves "
"pli-tv-bi-pm:193.1","pli-tv-bu-vb-pc43:1.23.1"
"pli-tv-bi-pm:194.0","Confession 125: Sitting in a Concealed Place "
"pli-tv-bi-pm:194.1","pli-tv-bu-vb-pc44:1.14.1"
"pli-tv-bi-pm:195.0","Confession 126: Sitting in Private "
"pli-tv-bi-pm:195.1","pli-tv-bu-vb-pc45:1.14.1"
"pli-tv-bi-pm:195.2","pli-tv-bu-vb-pc40:3.3.7"
"pli-tv-bi-pm:196.0.2","Confession 127: Visiting Families Before a Meal "
"pli-tv-bi-pm:196.1","pli-tv-bu-vb-pc46:5.6.1"
"pli-tv-bi-pm:196.2","pli-tv-bu-vb-pc46:5.7"
"pli-tv-bi-pm:197.0","Confession 128: An Invitation for Four Months "
"pli-tv-bi-pm:197.1","pli-tv-bu-vb-pc47:1.4.27.1"
"pli-tv-bi-pm:198.0","Confession 129: Seeing a Mobilizing Army "
"pli-tv-bi-pm:198.1","pli-tv-bu-vb-pc48:2.13.1"
"pli-tv-bi-pm:199.0","Confession 130: Staying with an Army "
"pli-tv-bi-pm:199.1","pli-tv-bu-vb-pc49:1.15.1"
"pli-tv-bi-pm:200.0","Confession 131. Viewing a Military Action "
"pli-tv-bi-pm:200.1","pli-tv-bu-vb-pc50:1.19.1"
"pli-tv-bi-pm:201.0","Confession 132: Drinking Alcohol "
"pli-tv-bi-pm:201.1","pli-tv-bu-vb-pc51:1.46.1"
"pli-tv-bi-pm:202.0","Confession 133: Tickling "
"pli-tv-bi-pm:202.1","pli-tv-bu-vb-pc52:1.12.1"
"pli-tv-bi-pm:203.0","Confession 134: Playing "
"pli-tv-bi-pm:203.1","pli-tv-bu-vb-pc53:1.22.1"
"pli-tv-bi-pm:204.0","Confession 135: Disrespect "
"pli-tv-bi-pm:204.1","pli-tv-bu-vb-pc54:1.15.1"
"pli-tv-bi-pm:205.0","Confession 136: Scaring "
"pli-tv-bi-pm:205.1","pli-tv-bu-vb-pc55:1.15.1"
"pli-tv-bi-pm:205.2","The thirteenth sub-chapter on visiting is finished. "
"pli-tv-bi-pm:206.0.2","Confession 137: Lighting a Fire "
"pli-tv-bi-pm:206.1","pli-tv-bu-vb-pc56:2.5.1"
"pli-tv-bi-pm:207.0","Confession 138: Bathing "
"pli-tv-bi-pm:207.1","pli-tv-bu-vb-pc57:6.7.1"
"pli-tv-bi-pm:207.2","pli-tv-bu-vb-pc57:6.8"
"pli-tv-bi-pm:208.0","Confession 139: Making Stains "
"pli-tv-bi-pm:208.1","pli-tv-bu-vb-pc58:1.15.1"
"pli-tv-bi-pm:209.0","Confession 140: Transferring to Another "
"pli-tv-bi-pm:209.1","pli-tv-bu-vb-pc59:1.13.1"
"pli-tv-bi-pm:210.0","Confession 141: Hiding Robes "
"pli-tv-bi-pm:210.1","pli-tv-bu-vb-pc60:1.18.1"
"pli-tv-bi-pm:211.0","Confession 142: Intentionally Killing Living Creatures "
"pli-tv-bi-pm:211.1","pli-tv-bu-vb-pc61:1.16.1"
"pli-tv-bi-pm:212.0","Confession 143: Using Water With Living Creatures "
"pli-tv-bi-pm:212.1","pli-tv-bu-vb-pc62:1.11.1"
"pli-tv-bi-pm:213.0","Confession 144: Reopening a Legal Issue "
"pli-tv-bi-pm:213.1","pli-tv-bu-vb-pc63:1.12.1"
"pli-tv-bi-pm:214.0","Confession 145: Travelling With Thieves "
"pli-tv-bi-pm:214.1","pli-tv-bu-vb-pc66:1.22.1"
"pli-tv-bi-pm:215.0","Confession 146: Obstructions "
"pli-tv-bi-pm:215.1","pli-tv-bu-vb-pc68:1.49.1"
"pli-tv-bi-pm:215.2","pli-tv-bu-vb-pc68:1.50"
"pli-tv-bi-pm:215.3","pli-tv-bu-vb-pc68:1.51"
"pli-tv-bi-pm:215.4","pli-tv-bu-vb-pc68:1.52"
"pli-tv-bi-pm:215.5","pli-tv-bu-vb-pc68:1.53"
"pli-tv-bi-pm:215.6","pli-tv-bu-vb-pc68:1.54"
"pli-tv-bi-pm:215.7","pli-tv-bu-vb-pc68:1.55"
"pli-tv-bi-pm:215.8","pli-tv-bu-vb-pc68:1.56"
"pli-tv-bi-pm:215.9","The fourteenth sub-chapter on fire is finished. "
"pli-tv-bi-pm:216.0.2","Confession 147: Living With an Ejected Monastic "
"pli-tv-bi-pm:216.1","pli-tv-bu-vb-pc69:1.11.1"
"pli-tv-bi-pm:217.0","Confession 148: Obstructions and a Novice "
"pli-tv-bi-pm:217.1","pli-tv-bu-vb-pc70:1.46.1"
"pli-tv-bi-pm:217.2","pli-tv-bu-vb-pc70:1.47"
"pli-tv-bi-pm:217.3","pli-tv-bu-vb-pc70:1.48"
"pli-tv-bi-pm:217.4","pli-tv-bu-vb-pc70:1.49"
"pli-tv-bi-pm:217.5","pli-tv-bu-vb-pc70:1.50"
"pli-tv-bi-pm:217.6","pli-tv-bu-vb-pc70:1.51"
"pli-tv-bi-pm:217.7","pli-tv-bu-vb-pc70:1.52"
"pli-tv-bi-pm:217.8","pli-tv-bu-vb-pc70:1.53"
"pli-tv-bi-pm:217.9","pli-tv-bu-vb-pc70:1.54"
"pli-tv-bi-pm:217.10","pli-tv-bu-vb-pc70:1.55"
"pli-tv-bi-pm:218.0","Confession 149: Legitimate Correction "
"pli-tv-bi-pm:218.1","pli-tv-bu-vb-pc71:1.19.1"
"pli-tv-bi-pm:218.2","pli-tv-bu-vb-pc71:1.20"
"pli-tv-bi-pm:219.0","Confession 150: Annoyance "
"pli-tv-bi-pm:219.1","pli-tv-bu-vb-pc72:1.20.1"
"pli-tv-bi-pm:220.0","Confession 151: Deception "
"pli-tv-bi-pm:220.1","pli-tv-bu-vb-pc73:1.15.1"
"pli-tv-bi-pm:220.2","pli-tv-bu-vb-pc73:1.16"
"pli-tv-bi-pm:220.3","pli-tv-bu-vb-pc73:1.17"
"pli-tv-bi-pm:220.4","pli-tv-bu-vb-pc73:1.18"
"pli-tv-bi-pm:220.5","pli-tv-bu-vb-pc73:1.19"
"pli-tv-bi-pm:221.0","Confession 152: Hitting "
"pli-tv-bi-pm:221.1","pli-tv-bu-vb-pc74:1.15.1"
"pli-tv-bi-pm:222.0","Confession 153: Raising a Hand "
"pli-tv-bi-pm:222.1","pli-tv-bu-vb-pc75:1.15.1"
"pli-tv-bi-pm:223.0","Confession 154: Groundless Accusation "
"pli-tv-bi-pm:223.1","pli-tv-bu-vb-pc76:1.11.1"
"pli-tv-bi-pm:224.0","Confession 155: Intentionally Making a Monastic Anxious "
"pli-tv-bi-pm:224.1","pli-tv-bu-vb-pc77:1.19.1"
"pli-tv-bi-pm:225.0","Confession 156: Eavesdropping "
"pli-tv-bi-pm:225.1","pli-tv-bu-vb-pc78:1.18.1"
"pli-tv-bi-pm:225.2","The fifteenth sub-chapter on one who has been ejected is finished. "
"pli-tv-bi-pm:226.0.2","Confession 157: Obstructing a Legal Procedure "
"pli-tv-bi-pm:226.1","pli-tv-bu-vb-pc79:1.22.1"
"pli-tv-bi-pm:227.0","Confession 158: Leaving Without Giving Consent "
"pli-tv-bi-pm:227.1","pli-tv-bu-vb-pc80:1.15.1"
"pli-tv-bi-pm:228.0","Confession 159: criticizing a robe distribution"
"pli-tv-bi-pm:228.1","pli-tv-bu-vb-pc81:1.16.1"
"pli-tv-bi-pm:229.0","Confession 160: Diverting Gains "
"pli-tv-bi-pm:229.1","pli-tv-bu-vb-pc82:1.26.1"
"pli-tv-bi-pm:230.0","Confession 161: Precious Things "
"pli-tv-bi-pm:230.1","pli-tv-bu-vb-pc84:3.17.1"
"pli-tv-bi-pm:230.2","pli-tv-bu-vb-pc84:3.18"
"pli-tv-bi-pm:231.0","Confession 162: Needle Case "
"pli-tv-bi-pm:231.1","pli-tv-bu-vb-pc86:1.20.1"
"pli-tv-bi-pm:232.0","Confession 163: Beds and Benches "
"pli-tv-bi-pm:232.1","pli-tv-bu-vb-pc87:1.11.1"
"pli-tv-bi-pm:233.0","Confession 164: Upholstery "
"pli-tv-bi-pm:233.1","pli-tv-bu-vb-pc88:1.14.1"
"pli-tv-bi-pm:234.0","Confession 165: Itch Bandage "
"pli-tv-bi-pm:234.1","pli-tv-bu-vb-pc90:1.14.1"
"pli-tv-bi-pm:235.0","Confession 166: Robe Size "
"pli-tv-bi-pm:235.1","pli-tv-bu-vb-pc92:1.15.1"
"pli-tv-bi-pm:235.2","pli-tv-bu-vb-pc92:1.16"
"pli-tv-bi-pm:235.3","The sixteenth sub-chapter on obstructing a legal procedure is finished "
"pli-tv-bi-pm:236.1","pli-tv-bi-vb-pc96:2.2.14"
"pli-tv-bi-pm:236.2","pli-tv-bi-vb-pc96:2.2.15, pli-tv-bi-vb-pc96:2.2.16"
"pli-tv-bi-pm:236.3","pli-tv-bi-vb-pc96:2.2.17, pli-tv-bi-vb-pc96:2.2.18"
"pli-tv-bi-pm:236.4","pli-tv-bi-vb-pc96:2.2.19, pli-tv-bi-vb-pc96:2.2.20"
"pli-tv-bi-pm:236.5","pli-tv-bi-vb-pc96:2.2.21"
"pli-tv-bi-pm:236.6","pli-tv-bi-vb-pc96:2.2.23"
"pli-tv-bi-pm:237.0","Recitation of the Rules of Acknowledgement "
"pli-tv-bi-pm:237.1","pli-tv-bi-vb-pd1:0.5"
"pli-tv-bi-pm:238.0","Acknowledgement 1: Asking for Ghee "
"pli-tv-bi-pm:238.1","pli-tv-bi-vb-pd1:1.2.9.1"
"pli-tv-bi-pm:238.2","pli-tv-bi-vb-pd1:1.2.10"
"pli-tv-bi-pm:239.0","Acknowledgement 1: Asking for Oil "
"pli-tv-bi-pm:239.1","pli-tv-bi-vb-pd2:1.2.9.1, pli-tv-bi-vb-pd8:1.1.1"
"pli-tv-bi-pm:239.2","pli-tv-bi-vb-pd8:1.1.2"
"pli-tv-bi-pm:240.0","Acknowledgement 1: Asking for Honey "
"pli-tv-bi-pm:240.1","pli-tv-bi-vb-pd3:1.1.1"
"pli-tv-bi-pm:240.2","pli-tv-bi-pm:239.2"
"pli-tv-bi-pm:241.0","Acknowledgement 1: Asking for Syrup "
"pli-tv-bi-pm:241.1","pli-tv-bi-vb-pd4:1.1.1"
"pli-tv-bi-pm:241.2","pli-tv-bi-pm:239.2"
"pli-tv-bi-pm:242.0","Acknowledgement 1: Asking for Fish "
"pli-tv-bi-pm:242.1","pli-tv-bi-vb-pd5:1.1.1"
"pli-tv-bi-pm:242.2","pli-tv-bi-pm:239.2"
"pli-tv-bi-pm:243.0","Acknowledgement 1: Asking for Meat "
"pli-tv-bi-pm:243.1","pli-tv-bi-vb-pd6:1.1.1"
"pli-tv-bi-pm:243.2","pli-tv-bi-pm:239.2"
"pli-tv-bi-pm:244.0","Acknowledgement 1: Asking for Milk "
"pli-tv-bi-pm:244.1","pli-tv-bi-vb-pd7:1.1.1"
"pli-tv-bi-pm:244.2","pli-tv-bi-pm:239.2"
"pli-tv-bi-pm:245.0","Acknowledgement 1: Asking for Curd "
"pli-tv-bi-pm:245.1","pli-tv-bi-vb-pd8:1.1.1"
"pli-tv-bi-pm:245.2","pli-tv-bi-vb-pd8:1.1.2"
"pli-tv-bi-pm:246.1","pli-tv-bi-vb-pd8:2.3.12"
"pli-tv-bi-pm:246.2","pli-tv-bi-vb-pd8:2.3.13, pli-tv-bi-vb-pd8:2.3.14"
"pli-tv-bi-pm:246.3","pli-tv-bi-vb-pd8:2.3.15, pli-tv-bi-vb-pd8:2.3.16"
"pli-tv-bi-pm:246.4","pli-tv-bi-vb-pd8:2.3.17, pli-tv-bi-vb-pd8:2.3.18"
"pli-tv-bi-pm:246.5","pli-tv-bi-vb-pd8:2.3.19"
"pli-tv-bi-pm:246.6","pli-tv-bi-vb-pd8:2.3.20"
"pli-tv-bi-pm:247.0","Recitation of the Rules of Training "
"pli-tv-bi-pm:247.1","pli-tv-bu-vb-sk1:0.6"
"pli-tv-bi-pm:248.0.2","Training 1: Evenly All Around "
"pli-tv-bi-pm:248.1","pli-tv-bu-vb-sk1:1.16.1"
"pli-tv-bi-pm:249.0","Training 2 "
"pli-tv-bi-pm:249.1","pli-tv-bu-vb-sk2:1.3.1"
"pli-tv-bi-pm:250.0","Training 3: Well-Covered "
"pli-tv-bi-pm:250.1","pli-tv-bu-vb-sk3:1.3.1"
"pli-tv-bi-pm:251.0","Training 4 "
"pli-tv-bi-pm:251.1","pli-tv-bu-vb-sk4:1.3.1"
"pli-tv-bi-pm:252.0","Training 5: Well-Restrained "
"pli-tv-bi-pm:252.1","pli-tv-bu-vb-sk5:1.3.1"
"pli-tv-bi-pm:253.0","Training 6: Well-Restrained (2nd) "
"pli-tv-bi-pm:253.1","pli-tv-bu-vb-sk6:1.3.1"
"pli-tv-bi-pm:254.0","Training 7: Lowered Eyes "
"pli-tv-bi-pm:254.1","pli-tv-bu-vb-sk7:1.3.1"
"pli-tv-bi-pm:255.0",
"pli-tv-bi-pm:255.1","pli-tv-bu-vb-sk8:1.3.1"
"pli-tv-bi-pm:256.0","Training 9: Lifted Robe "
"pli-tv-bi-pm:256.1","pli-tv-bu-vb-sk9:1.3.1"
"pli-tv-bi-pm:257.0","Training 10 "
"pli-tv-bi-pm:257.1","pli-tv-bu-vb-sk10:1.3.1"
"pli-tv-bi-pm:257.2","pli-tv-bu-vb-sk10:1.16"
"pli-tv-bi-pm:258.0.2","Training Training 11: Laughing Loudly "
"pli-tv-bi-pm:258.1","pli-tv-bu-vb-sk11:1.3.1"
"pli-tv-bi-pm:259.0","Training 12 "
"pli-tv-bi-pm:259.1","pli-tv-bu-vb-sk12:1.3.1"
"pli-tv-bi-pm:260.0","Training 13: Not Noisy "
"pli-tv-bi-pm:260.1","pli-tv-bu-vb-sk13:1.3.1"
"pli-tv-bi-pm:261.0","Training 14 "
"pli-tv-bi-pm:261.1","pli-tv-bu-vb-sk14:1.3.1"
"pli-tv-bi-pm:262.0","Training 15: Swaying "
"pli-tv-bi-pm:262.1","pli-tv-bu-vb-sk15:1.3.1"
"pli-tv-bi-pm:263.0","Training 16 "
"pli-tv-bi-pm:263.1","pli-tv-bu-vb-sk16:1.3.1"
"pli-tv-bi-pm:264.0","Training 17: Swinging the Arms "
"pli-tv-bi-pm:264.1","pli-tv-bu-vb-sk17:1.3.1"
"pli-tv-bi-pm:265.0","Training 18 "
"pli-tv-bi-pm:265.1","pli-tv-bu-vb-sk18:1.3.1"
"pli-tv-bi-pm:266.0","Training 19: Swaying the Head "
"pli-tv-bi-pm:266.1","pli-tv-bu-vb-sk19:1.3.1"
"pli-tv-bi-pm:267.0","Training 20. "
"pli-tv-bi-pm:267.1","pli-tv-bu-vb-sk20:1.3.1"
"pli-tv-bi-pm:267.2","pli-tv-bu-vb-sk20:1.17"
"pli-tv-bi-pm:268.0.2","Training  21: Arms Akimbo "
"pli-tv-bi-pm:268.1","pli-tv-bu-vb-sk21:1.3.1"
"pli-tv-bi-pm:269.0","Training 22. "
"pli-tv-bi-pm:269.1","pli-tv-bu-vb-sk22:1.3.1"
"pli-tv-bi-pm:270.0","Training 23: Covering the Head "
"pli-tv-bi-pm:270.1","pli-tv-bu-vb-sk23:1.3.1"
"pli-tv-bi-pm:271.0","Training 24. "
"pli-tv-bi-pm:271.1","pli-tv-bu-vb-sk24:1.3.1"
"pli-tv-bi-pm:272.0","Training 25: Squatting "
"pli-tv-bi-pm:272.1","pli-tv-bu-vb-sk25:1.3.1"
"pli-tv-bi-pm:273.0","Training 26: Clasping Knees "
"pli-tv-bi-pm:273.1","pli-tv-bu-vb-sk26:1.3.1"
"pli-tv-bi-pm:274.0","Training 27: Receiving Respectfully "
"pli-tv-bi-pm:274.1","pli-tv-bu-vb-sk27:1.3.1"
"pli-tv-bi-pm:275.0","Training 28: Receiving with Attention on the Bowl "
"pli-tv-bi-pm:275.1","pli-tv-bu-vb-sk28:1.3.1"
"pli-tv-bi-pm:276.0","Training 29: Receiving in Proportion "
"pli-tv-bi-pm:276.1","pli-tv-bu-vb-sk29:1.3.1"
"pli-tv-bi-pm:277.0","Training 30: Receiving Even Level "
"pli-tv-bi-pm:277.1","pli-tv-bu-vb-sk30:1.3.1"
"pli-tv-bi-pm:277.2","pli-tv-bu-vb-sk30:1.11"
"pli-tv-bi-pm:278.0.2","Training 31: Eating Respectfully "
"pli-tv-bi-pm:278.1","pli-tv-bu-vb-sk31:1.3.1"
"pli-tv-bi-pm:279.0","Training 32: Eating with Attention on the Bowl "
"pli-tv-bi-pm:279.1","pli-tv-bu-vb-sk32:1.3.1"
"pli-tv-bi-pm:280.0","Training 33: Eating in Order "
"pli-tv-bi-pm:280.1","pli-tv-bu-vb-sk33:1.3.1"
"pli-tv-bi-pm:281.0","Training 34: Even Measure of Curry "
"pli-tv-bi-pm:281.1","pli-tv-bu-vb-sk34:1.3.1"
"pli-tv-bi-pm:282.0","Training 35: Making Food into a Monument "
"pli-tv-bi-pm:282.1","pli-tv-bu-vb-sk35:1.3.1"
"pli-tv-bi-pm:283.0","Training 36: Covering with Rice "
"pli-tv-bi-pm:283.1","pli-tv-bu-vb-sk36:1.3.1"
"pli-tv-bi-pm:284.0","Training 37: Asking for Rice and Curry "
"pli-tv-bi-pm:284.1","pli-tv-bu-vb-sk37:2.10.1"
"pli-tv-bi-pm:285.0","Training 38: Finding Fault "
"pli-tv-bi-pm:285.1","pli-tv-bu-vb-sk38:1.3.1"
"pli-tv-bi-pm:286.0","Training 39: Overlarge Mouthful "
"pli-tv-bi-pm:286.1","pli-tv-bu-vb-sk39:1.3.1"
"pli-tv-bi-pm:287.0","Round Mouthful "
"pli-tv-bi-pm:287.1","pli-tv-bu-vb-sk40:1.3.1"
"pli-tv-bi-pm:287.2","pli-tv-bu-vb-sk40:1.18"
"pli-tv-bi-pm:288.0.2","Training 41: Without Bringing "
"pli-tv-bi-pm:288.1","pli-tv-bu-vb-sk41:1.3.1"
"pli-tv-bi-pm:289.0","Training 42: Whole Hand "
"pli-tv-bi-pm:289.1","pli-tv-bu-vb-sk42:1.3.1"
"pli-tv-bi-pm:290.0","Training 43: Mouth Full "
"pli-tv-bi-pm:290.1","pli-tv-bu-vb-sk43:1.3.1"
"pli-tv-bi-pm:291.0","Training 44: Lifted Lump "
"pli-tv-bi-pm:291.1","pli-tv-bu-vb-sk44:1.3.1"
"pli-tv-bi-pm:292.0","Training 45: Breaking Lumps "
"pli-tv-bi-pm:292.1","pli-tv-bu-vb-sk45:1.3.1"
"pli-tv-bi-pm:293.0","Training 46: Stuffing Cheeks "
"pli-tv-bi-pm:293.1","pli-tv-bu-vb-sk46:1.3.1"
"pli-tv-bi-pm:294.0","Training 47: Shaking the Hand "
"pli-tv-bi-pm:294.1","pli-tv-bu-vb-sk47:1.3.1"
"pli-tv-bi-pm:295.0","Training 48: Scattering Rice "
"pli-tv-bi-pm:295.1","pli-tv-bu-vb-sk48:1.3.1"
"pli-tv-bi-pm:296.0","Training 49: Poking the Tongue "
"pli-tv-bi-pm:296.1","pli-tv-bu-vb-sk49:1.3.1"
"pli-tv-bi-pm:297.0","Training 50: Chomping "
"pli-tv-bi-pm:297.1","pli-tv-bu-vb-sk50:1.3.1"
"pli-tv-bi-pm:297.2","pli-tv-bu-vb-sk50:1.10"
"pli-tv-bi-pm:298.0.2","Training 51: Slurping "
"pli-tv-bi-pm:298.1","pli-tv-bu-vb-sk51:1.19.1"
"pli-tv-bi-pm:299.0","Training 52: Licking the Hands "
"pli-tv-bi-pm:299.1","pli-tv-bu-vb-sk52:1.3.1"
"pli-tv-bi-pm:300.0","Training 53: Licking the Bowl "
"pli-tv-bi-pm:300.1","pli-tv-bu-vb-sk53:1.3.1"
"pli-tv-bi-pm:301.0","Training 54: Licking the Lips "
"pli-tv-bi-pm:301.1","pli-tv-bu-vb-sk54:1.3.1"
"pli-tv-bi-pm:302.0","Training 55: Soiling "
"pli-tv-bi-pm:302.1","pli-tv-bu-vb-sk55:1.14.1"
"pli-tv-bi-pm:303.0","Training 56: Washing Water with Rice "
"pli-tv-bi-pm:303.1","pli-tv-bu-vb-sk56:1.14.1"
"pli-tv-bi-pm:304.0","Training 57: Holding a Sunshade "
"pli-tv-bi-pm:304.1","pli-tv-bu-vb-sk57:2.9.1"
"pli-tv-bi-pm:305.0","Training 58: Holding a staff "
"pli-tv-bi-pm:305.1","pli-tv-bu-vb-sk58:1.3.1"
"pli-tv-bi-pm:306.0","Training 59: Holding a Knife "
"pli-tv-bi-pm:306.1","pli-tv-bu-vb-sk59:1.3.1"
"pli-tv-bi-pm:307.0","Training 60: Holding a Weapon "
"pli-tv-bi-pm:307.1","pli-tv-bu-vb-sk60:1.3.1"
"pli-tv-bi-pm:307.2","pli-tv-bu-vb-sk60:1.12"
"pli-tv-bi-pm:308.0.2","Training 61: Shoes "
"pli-tv-bi-pm:308.1","pli-tv-bu-vb-sk61:1.3.1"
"pli-tv-bi-pm:309.0","Training 62: Sandals "
"pli-tv-bi-pm:309.1","pli-tv-bu-vb-sk62:1.3.1"
"pli-tv-bi-pm:310.0","Training 63: Vehicle "
"pli-tv-bi-pm:310.1","pli-tv-bu-vb-sk63:1.3.1"
"pli-tv-bi-pm:311.0","Training 64: Lying Down "
"pli-tv-bi-pm:311.1","pli-tv-bu-vb-sk64:1.3.1"
"pli-tv-bi-pm:312.0","Training 65: Clasping Knees "
"pli-tv-bi-pm:312.1","pli-tv-bu-vb-sk65:1.3.1"
"pli-tv-bi-pm:313.0","Training 66: Headdresses "
"pli-tv-bi-pm:313.1","pli-tv-bu-vb-sk66:1.3.1"
"pli-tv-bi-pm:314.0","Training 67: Covering the Head "
"pli-tv-bi-pm:314.1","pli-tv-bu-vb-sk67:1.3.1"
"pli-tv-bi-pm:315.0","Training 68: On the Ground "
"pli-tv-bi-pm:315.1","pli-tv-bu-vb-sk68:1.3.1"
"pli-tv-bi-pm:316.0","Training 69: Low Seats "
"pli-tv-bi-pm:316.1","pli-tv-bu-vb-sk69:1.46.1"
"pli-tv-bi-pm:317.0","Training 70: Standing "
"pli-tv-bi-pm:317.1","pli-tv-bu-vb-sk70:1.3.1"
"pli-tv-bi-pm:318.0","Training 71: Walking Behind "
"pli-tv-bi-pm:318.1","pli-tv-bu-vb-sk71:1.3.1"
"pli-tv-bi-pm:319.0","Training 72: Off the Path "
"pli-tv-bi-pm:319.1","pli-tv-bu-vb-sk72:1.3.1"
"pli-tv-bi-pm:320.0","Training 73: While Standing "
"pli-tv-bi-pm:320.1","pli-tv-bu-vb-sk73:1.3.1"
"pli-tv-bi-pm:321.0","Training 74: On Plants "
"pli-tv-bi-pm:321.1","pli-tv-bu-vb-sk74:1.3.1"
"pli-tv-bi-pm:322.0","Training 75: In Water "
"pli-tv-bi-pm:322.1","pli-tv-bu-vb-sk75:2.6.1"
"pli-tv-bi-pm:322.2","pli-tv-bu-vb-sk75:2.21"
"pli-tv-bi-pm:323.1","pli-tv-bu-vb-sk75:2.22"
"pli-tv-bi-pm:323.2","pli-tv-bu-vb-sk75:2.23,pli-tv-bu-vb-sk75:2.24"
"pli-tv-bi-pm:323.3","pli-tv-bu-vb-sk75:2.25,pli-tv-bu-vb-sk75:2.26"
"pli-tv-bi-pm:323.4","pli-tv-bu-vb-sk75:2.27,pli-tv-bu-vb-sk75:2.28"
"pli-tv-bi-pm:323.5","pli-tv-bu-vb-sk75:2.29"
"pli-tv-bi-pm:323.6","pli-tv-bu-vb-sk75:2.31"
"pli-tv-bi-pm:324.0","pli-tv-bi-vb-as1:0.3"
"pli-tv-bi-pm:324.1","pli-tv-bi-vb-as1:1.1"
"pli-tv-bi-pm:325.0","Settling Legal Issues 1 "
"pli-tv-bi-pm:325.1","pli-tv-bi-vb-as1:2.2"
"pli-tv-bi-pm:326.0","Settling Legal Issues 2 "
"pli-tv-bi-pm:326.1","pli-tv-bi-vb-as2:1.1"
"pli-tv-bi-pm:327.0","Settling Legal Issues 3 "
"pli-tv-bi-pm:327.1","pli-tv-bi-vb-as3:1.1"
"pli-tv-bi-pm:328.0","Settling Legal Issues 4 "
"pli-tv-bi-pm:328.1","pli-tv-bi-vb-as4:1.1"
"pli-tv-bi-pm:329.0","Settling Legal Issues 5 "
"pli-tv-bi-pm:329.1","pli-tv-bi-vb-as5:1.1"
"pli-tv-bi-pm:330.0","Settling Legal Issues 6 "
"pli-tv-bi-pm:330.1","pli-tv-bi-vb-as6:1.1"
"pli-tv-bi-pm:331.0","Settling Legal Issues 7 "
"pli-tv-bi-pm:331.1","pli-tv-bi-vb-as7:1.1"
"pli-tv-bi-pm:332.1","pli-tv-bi-vb-as7:2.1"
"pli-tv-bi-pm:332.2","pli-tv-bi-vb-as7:2.2,pli-tv-bi-vb-as7:2.3"
"pli-tv-bi-pm:332.3","pli-tv-bi-vb-as7:2.4,pli-tv-bi-vb-as7:2.5"
"pli-tv-bi-pm:332.4","pli-tv-bi-vb-as7:2.6,pli-tv-bi-vb-as7:2.7"
"pli-tv-bi-pm:332.5","pli-tv-bi-vb-as7:2.8"
"pli-tv-bi-pm:332.6","pli-tv-bi-vb-as7:3.1"
"pli-tv-bi-pm:333.1","pli-tv-bi-vb-as7:4.1"
"pli-tv-bi-pm:333.2","pli-tv-bi-vb-as7:4.2"
"pli-tv-bi-pm:333.3","pli-tv-bi-vb-as7:4.3"
"pli-tv-bi-pm:333.4","pli-tv-bi-vb-as7:4.4"
"pli-tv-bi-pm:333.5","pli-tv-bi-vb-as7:4.5"
"pli-tv-bi-pm:333.6","pli-tv-bi-vb-as7:4.6"
"pli-tv-bi-pm:333.7","pli-tv-bi-vb-as7:4.7"
"pli-tv-bi-pm:333.8","pli-tv-bi-vb-as7:4.8"
"pli-tv-bi-pm:333.9","pli-tv-bi-vb-as7:4.9"
"pli-tv-bi-pm:333.10","pli-tv-bi-vb-as7:4.10"
"pli-tv-bi-pm:333.11","pli-tv-bu-pm:255.12"
"pli-tv-bi-pm:333.12","pli-tv-bu-pm:255.13"
"pli-tv-bi-pm:333.13","pli-tv-bu-pm:255.14"
